05-21 22:51:12.665   349   349 I auditd  : SELinux: Loaded service context from:
05-21 22:51:12.665   349   349 I auditd  : 		/system/etc/selinux/plat_service_contexts
05-21 22:51:12.665   349   349 I auditd  : 		/system_ext/etc/selinux/system_ext_service_contexts
05-21 22:51:12.665   349   349 I auditd  : 		/product/etc/selinux/product_service_contexts
05-21 22:51:12.665   349   349 I auditd  : 		/vendor/etc/selinux/vendor_service_contexts
05-21 22:51:12.665   349   349 I auditd  : 		/odm/etc/selinux/odm_service_contexts
05-21 22:51:11.668   346   346 I auditd  : type=1403 audit(0.0:2): auid=4294967295 ses=4294967295 lsm=selinux res=1
05-21 22:51:11.668   346   346 I auditd  : type=1404 audit(0.0:3): enforcing=1 old_enforcing=0 auid=4294967295 ses=4294967295 enabled=1 old-enabled=1 lsm=selinux res=1
05-21 22:51:11.748     1     1 I auditd  : type=1107 audit(0.0:4): uid=0 auid=4294967295 ses=4294967295 subj=u:r:init:s0 msg='avc:  denied  { set } for property=persist.arm64.memtag.system_server pid=1 uid=0 gid=0 scontext=u:r:vendor_init:s0 tcontext=u:object_r:arm64_memtag_prop:s0 tclass=property_service permissive=0'
05-21 22:51:11.748     1     1 I auditd  : type=1107 audit(0.0:5): uid=0 auid=4294967295 ses=4294967295 subj=u:r:init:s0 msg='avc:  denied  { set } for property=remote_provisioning.enable_rkpd pid=1 uid=0 gid=0 scontext=u:r:vendor_init:s0 tcontext=u:object_r:default_prop:s0 tclass=property_service permissive=0'
05-21 22:51:11.748     1     1 I auditd  : type=1107 audit(0.0:6): uid=0 auid=4294967295 ses=4294967295 subj=u:r:init:s0 msg='avc:  denied  { set } for property=remote_provisioning.hostname pid=1 uid=0 gid=0 scontext=u:r:vendor_init:s0 tcontext=u:object_r:remote_prov_prop:s0 tclass=property_service permissive=0'
05-21 22:51:11.748     1     1 I auditd  : type=1107 audit(0.0:7): uid=0 auid=4294967295 ses=4294967295 subj=u:r:init:s0 msg='avc:  denied  { set } for property=remote_provisioning.connect_timeout_millis pid=1 uid=0 gid=0 scontext=u:r:vendor_init:s0 tcontext=u:object_r:remote_prov_prop:s0 tclass=property_service permissive=0'
05-21 22:51:11.752     1     1 I auditd  : type=1107 audit(0.0:8): uid=0 auid=4294967295 ses=4294967295 subj=u:r:init:s0 msg='avc:  denied  { set } for property=ro.product.model pid=1 uid=0 gid=0 scontext=u:r:vendor_init:s0 tcontext=u:object_r:build_prop:s0 tclass=property_service permissive=0'
05-21 22:51:11.752     1     1 I auditd  : type=1107 audit(0.0:9): uid=0 auid=4294967295 ses=4294967295 subj=u:r:init:s0 msg='avc:  denied  { set } for property=ro.bootanim.set_orientation_logical_0 pid=1 uid=0 gid=0 scontext=u:r:vendor_init:s0 tcontext=u:object_r:default_prop:s0 tclass=property_service permissive=0'
05-21 22:51:11.752     1     1 I auditd  : type=1107 audit(0.0:10): uid=0 auid=4294967295 ses=4294967295 subj=u:r:init:s0 msg='avc:  denied  { set } for property=ro.setupwizard.rotation_locked pid=1 uid=0 gid=0 scontext=u:r:vendor_init:s0 tcontext=u:object_r:setupwizard_prop:s0 tclass=property_service permissive=0'
05-21 22:51:13.832   571   571 I auditd  : type=1400 audit(0.0:14): avc:  denied  { search } for  comm="fsck.f2fs" name="sdc" dev="sysfs" ino=65000 scontext=u:r:fsck:s0 tcontext=u:object_r:sysfs_devices_block:s0 tclass=dir permissive=0
05-21 22:51:14.087   560   560 I auditd  : SELinux: Loaded keystore2 context from:
05-21 22:51:14.087   560   560 I auditd  : 		/system/etc/selinux/plat_keystore2_key_contexts
05-21 22:51:14.087   560   560 I auditd  : 		/system_ext/etc/selinux/system_ext_keystore2_key_contexts
05-21 22:51:14.087   560   560 I auditd  : 		/product/etc/selinux/product_keystore2_key_contexts
05-21 22:51:14.087   560   560 I auditd  : 		/vendor/etc/selinux/vendor_keystore2_key_contexts
05-21 22:51:16.618   597   597 I auditd  : SELinux: Loaded file context from:
05-21 22:51:16.618   597   597 I auditd  : 		/system/etc/selinux/plat_file_contexts
05-21 22:51:16.618   597   597 I auditd  : 		/system_ext/etc/selinux/system_ext_file_contexts
05-21 22:51:16.618   597   597 I auditd  : 		/product/etc/selinux/product_file_contexts
05-21 22:51:16.618   597   597 I auditd  : 		/vendor/etc/selinux/vendor_file_contexts
05-21 22:51:16.618   597   597 I auditd  : 		/odm/etc/selinux/odm_file_contexts
05-21 22:51:21.740   229   229 I auditd  : type=1400 audit(0.0:15): avc:  denied  { write } for  comm="init" name="vendor_de" dev="dm-50" ino=143 scontext=u:r:vendor_init:s0 tcontext=u:object_r:vendor_userdir_file:s0 tclass=dir permissive=0
05-21 22:51:21.740   229   229 I auditd  : type=1400 audit(0.0:16): avc:  denied  { write } for  comm="init" name="vendor_de" dev="dm-50" ino=143 scontext=u:r:vendor_init:s0 tcontext=u:object_r:vendor_userdir_file:s0 tclass=dir permissive=0
05-21 22:51:22.380   814   814 I auditd  : type=1400 audit(0.0:17): avc:  denied  { open } for  comm="android.hardwar" path="/sys/devices/platform/soc/11017000.i2c/i2c-5/5-006a/power_supply/5-006a/type" dev="sysfs" ino=61137 scontext=u:r:hal_health_default:s0 tcontext=u:object_r:sysfs:s0 tclass=file permissive=0
05-21 22:51:22.400   814   814 I auditd  : type=1400 audit(0.0:18): avc:  denied  { open } for  comm="android.hardwar" path="/sys/devices/platform/soc/11017000.i2c/i2c-5/5-006a/power_supply/5-006a/type" dev="sysfs" ino=61137 scontext=u:r:hal_health_default:s0 tcontext=u:object_r:sysfs:s0 tclass=file permissive=0
05-21 22:51:22.408   814   814 I auditd  : type=1400 audit(0.0:19): avc:  denied  { open } for  comm="android.hardwar" path="/sys/devices/platform/soc/11017000.i2c/i2c-5/5-006a/power_supply/5-006a/type" dev="sysfs" ino=61137 scontext=u:r:hal_health_default:s0 tcontext=u:object_r:sysfs:s0 tclass=file permissive=0
05-21 22:51:22.628   814   814 I auditd  : type=1400 audit(0.0:20): avc:  denied  { open } for  comm="android.hardwar" path="/sys/devices/platform/soc/11017000.i2c/i2c-5/5-006a/power_supply/5-006a/type" dev="sysfs" ino=61137 scontext=u:r:hal_health_default:s0 tcontext=u:object_r:sysfs:s0 tclass=file permissive=0
05-21 22:51:22.636   814   814 I auditd  : type=1400 audit(0.0:21): avc:  denied  { open } for  comm="android.hardwar" path="/sys/devices/platform/soc/11017000.i2c/i2c-5/5-006a/power_supply/5-006a/type" dev="sysfs" ino=61137 scontext=u:r:hal_health_default:s0 tcontext=u:object_r:sysfs:s0 tclass=file permissive=0
05-21 22:51:22.772   852   852 I auditd  : type=1400 audit(0.0:22): avc:  denied  { read } for  comm="audioserver" name="u:object_r:vendor_default_prop:s0" dev="tmpfs" ino=517 scontext=u:r:audioserver:s0 tcontext=u:object_r:vendor_default_prop:s0 tclass=file permissive=0
05-21 22:51:23.104   852   852 I auditd  : type=1400 audit(0.0:23): avc:  denied  { read } for  comm="audioserver" name="u:object_r:vendor_default_prop:s0" dev="tmpfs" ino=517 scontext=u:r:audioserver:s0 tcontext=u:object_r:vendor_default_prop:s0 tclass=file permissive=0
05-21 22:51:23.164   852   852 I auditd  : type=1400 audit(0.0:24): avc:  denied  { read } for  comm="audioserver" name="u:object_r:vendor_default_prop:s0" dev="tmpfs" ino=517 scontext=u:r:audioserver:s0 tcontext=u:object_r:vendor_default_prop:s0 tclass=file permissive=0
05-21 22:51:23.400   965   965 I auditd  : type=1400 audit(0.0:25): avc:  denied  { search } for  comm="android.hardwar" name="udc" dev="sysfs" ino=23065 scontext=u:r:mtk_hal_usb:s0 tcontext=u:object_r:sysfs_udc:s0 tclass=dir permissive=0
05-21 22:51:23.580     1     1 I auditd  : type=1107 audit(0.0:26): uid=0 auid=4294967295 ses=4294967295 subj=u:r:init:s0 msg='avc:  denied  { set } for property=vendor.tee.googlekey.status pid=1177 uid=1000 gid=1000 scontext=u:r:tee:s0 tcontext=u:object_r:vendor_mtk_trustonic_tee_prop:s0 tclass=property_service permissive=0'
05-21 22:51:23.612     1     1 I auditd  : type=1107 audit(0.0:27): uid=0 auid=4294967295 ses=4294967295 subj=u:r:init:s0 msg='avc:  denied  { set } for property=ro.boot.rpmb_status pid=1177 uid=1000 gid=1000 scontext=u:r:tee:s0 tcontext=u:object_r:bootloader_prop:s0 tclass=property_service permissive=0'
05-21 22:51:23.996  1005  1005 I auditd  : type=1400 audit(0.0:28): avc:  denied  { read } for  comm="camerahalserver" name="u:object_r:default_prop:s0" dev="tmpfs" ino=178 scontext=u:r:mtk_hal_camera:s0 tcontext=u:object_r:default_prop:s0 tclass=file permissive=0
05-21 22:51:23.996  1005  1005 I auditd  : type=1400 audit(0.0:29): avc:  denied  { read } for  comm="camerahalserver" name="u:object_r:default_prop:s0" dev="tmpfs" ino=178 scontext=u:r:mtk_hal_camera:s0 tcontext=u:object_r:default_prop:s0 tclass=file permissive=0
05-21 22:51:23.996  1005  1005 I auditd  : type=1400 audit(0.0:30): avc:  denied  { read } for  comm="camerahalserver" name="u:object_r:default_prop:s0" dev="tmpfs" ino=178 scontext=u:r:mtk_hal_camera:s0 tcontext=u:object_r:default_prop:s0 tclass=file permissive=0
05-21 22:51:23.996  1005  1005 I auditd  : type=1400 audit(0.0:31): avc:  denied  { read } for  comm="camerahalserver" name="u:object_r:default_prop:s0" dev="tmpfs" ino=178 scontext=u:r:mtk_hal_camera:s0 tcontext=u:object_r:default_prop:s0 tclass=file permissive=0
05-21 22:51:24.084  1268  1268 I auditd  : type=1400 audit(0.0:32): avc:  denied  { read } for  comm="bip" name="u:object_r:net_dns_prop:s0" dev="tmpfs" ino=305 scontext=u:r:bip:s0 tcontext=u:object_r:net_dns_prop:s0 tclass=file permissive=0
05-21 22:51:24.084  1268  1268 I auditd  : type=1400 audit(0.0:33): avc:  denied  { read } for  comm="bip" name="u:object_r:net_dns_prop:s0" dev="tmpfs" ino=305 scontext=u:r:bip:s0 tcontext=u:object_r:net_dns_prop:s0 tclass=file permissive=0
05-21 22:51:25.176   979   979 I auditd  : type=1400 audit(0.0:34): avc:  denied  { read } for  comm="binder:979_1" name="u:object_r:vendor_default_prop:s0" dev="tmpfs" ino=517 scontext=u:r:mediaserver:s0 tcontext=u:object_r:vendor_default_prop:s0 tclass=file permissive=0
05-21 22:51:28.244   814   814 I auditd  : type=1400 audit(0.0:35): avc:  denied  { open } for  comm="android.hardwar" path="/sys/devices/platform/soc/11017000.i2c/i2c-5/5-006a/power_supply/5-006a/type" dev="sysfs" ino=61137 scontext=u:r:hal_health_default:s0 tcontext=u:object_r:sysfs:s0 tclass=file permissive=0
05-21 22:51:29.392   814   814 I auditd  : type=1400 audit(0.0:36): avc:  denied  { open } for  comm="android.hardwar" path="/sys/devices/platform/soc/11017000.i2c/i2c-5/5-006a/power_supply/5-006a/type" dev="sysfs" ino=61137 scontext=u:r:hal_health_default:s0 tcontext=u:object_r:sysfs:s0 tclass=file permissive=0
05-21 22:51:29.396   814   814 I auditd  : type=1400 audit(0.0:37): avc:  denied  { open } for  comm="android.hardwar" path="/sys/devices/platform/soc/11017000.i2c/i2c-5/5-006a/power_supply/5-006a/type" dev="sysfs" ino=61137 scontext=u:r:hal_health_default:s0 tcontext=u:object_r:sysfs:s0 tclass=file permissive=0
05-21 22:51:34.280   376   376 I auditd  : type=1400 audit(0.0:38): avc:  denied  { read } for  comm="binder:376_2" name="/" dev="sdc14" ino=2 scontext=u:r:vold:s0 tcontext=u:object_r:persist_data_file:s0 tclass=dir permissive=0
05-21 22:51:35.164   559   559 I auditd  : type=1400 audit(0.0:39): avc:  denied  { read } for  comm="binder:559_7" name="name" dev="sysfs" ino=39086 scontext=u:r:system_suspend:s0 tcontext=u:object_r:sysfs:s0 tclass=file permissive=0
05-21 22:51:35.164   559   559 I auditd  : type=1400 audit(0.0:40): avc:  denied  { read } for  comm="binder:559_7" name="active_count" dev="sysfs" ino=39087 scontext=u:r:system_suspend:s0 tcontext=u:object_r:sysfs:s0 tclass=file permissive=0
05-21 22:51:35.164   559   559 I auditd  : type=1400 audit(0.0:41): avc:  denied  { read } for  comm="binder:559_7" name="last_change_ms" dev="sysfs" ino=39094 scontext=u:r:system_suspend:s0 tcontext=u:object_r:sysfs:s0 tclass=file permissive=0
05-21 22:51:35.164   559   559 I auditd  : type=1400 audit(0.0:42): avc:  denied  { read } for  comm="binder:559_7" name="max_time_ms" dev="sysfs" ino=39093 scontext=u:r:system_suspend:s0 tcontext=u:object_r:sysfs:s0 tclass=file permissive=0
05-21 22:51:35.164   559   559 I auditd  : type=1400 audit(0.0:43): avc:  denied  { read } for  comm="binder:559_7" name="total_time_ms" dev="sysfs" ino=39092 scontext=u:r:system_suspend:s0 tcontext=u:object_r:sysfs:s0 tclass=file permissive=0
05-21 22:51:35.164   559   559 I auditd  : type=1400 audit(0.0:44): avc:  denied  { read } for  comm="binder:559_7" name="active_time_ms" dev="sysfs" ino=39091 scontext=u:r:system_suspend:s0 tcontext=u:object_r:sysfs:s0 tclass=file permissive=0
05-21 22:51:35.164   559   559 I auditd  : type=1400 audit(0.0:45): avc:  denied  { read } for  comm="binder:559_7" name="event_count" dev="sysfs" ino=39088 scontext=u:r:system_suspend:s0 tcontext=u:object_r:sysfs:s0 tclass=file permissive=0
05-21 22:51:35.164   559   559 I auditd  : type=1400 audit(0.0:46): avc:  denied  { read } for  comm="binder:559_7" name="expire_count" dev="sysfs" ino=39090 scontext=u:r:system_suspend:s0 tcontext=u:object_r:sysfs:s0 tclass=file permissive=0
05-21 22:51:35.164   559   559 I auditd  : type=1400 audit(0.0:47): avc:  denied  { read } for  comm="binder:559_7" name="prevent_suspend_time_ms" dev="sysfs" ino=39095 scontext=u:r:system_suspend:s0 tcontext=u:object_r:sysfs:s0 tclass=file permissive=0
05-21 22:51:35.164   559   559 I auditd  : type=1400 audit(0.0:48): avc:  denied  { read } for  comm="binder:559_7" name="wakeup_count" dev="sysfs" ino=39089 scontext=u:r:system_suspend:s0 tcontext=u:object_r:sysfs:s0 tclass=file permissive=0
05-21 22:51:35.176   559   559 I auditd  : type=1400 audit(0.0:49): avc:  denied  { read } for  comm="binder:559_7" name="name" dev="sysfs" ino=92093 scontext=u:r:system_suspend:s0 tcontext=u:object_r:sysfs:s0 tclass=file permissive=0
05-21 22:51:35.176   559   559 I auditd  : type=1400 audit(0.0:50): avc:  denied  { read } for  comm="binder:559_7" name="active_count" dev="sysfs" ino=92094 scontext=u:r:system_suspend:s0 tcontext=u:object_r:sysfs:s0 tclass=file permissive=0
05-21 22:51:35.176   559   559 I auditd  : type=1400 audit(0.0:51): avc:  denied  { read } for  comm="binder:559_7" name="last_change_ms" dev="sysfs" ino=92101 scontext=u:r:system_suspend:s0 tcontext=u:object_r:sysfs:s0 tclass=file permissive=0
05-21 22:51:35.176   559   559 I auditd  : type=1400 audit(0.0:52): avc:  denied  { read } for  comm="binder:559_7" name="max_time_ms" dev="sysfs" ino=92100 scontext=u:r:system_suspend:s0 tcontext=u:object_r:sysfs:s0 tclass=file permissive=0
05-21 22:51:35.176   559   559 I auditd  : type=1400 audit(0.0:53): avc:  denied  { read } for  comm="binder:559_7" name="total_time_ms" dev="sysfs" ino=92099 scontext=u:r:system_suspend:s0 tcontext=u:object_r:sysfs:s0 tclass=file permissive=0
05-21 22:51:35.176   559   559 I auditd  : type=1400 audit(0.0:54): avc:  denied  { read } for  comm="binder:559_7" name="active_time_ms" dev="sysfs" ino=92098 scontext=u:r:system_suspend:s0 tcontext=u:object_r:sysfs:s0 tclass=file permissive=0
05-21 22:51:35.176   559   559 I auditd  : type=1400 audit(0.0:55): avc:  denied  { read } for  comm="binder:559_7" name="event_count" dev="sysfs" ino=92095 scontext=u:r:system_suspend:s0 tcontext=u:object_r:sysfs:s0 tclass=file permissive=0
05-21 22:51:35.176   559   559 I auditd  : type=1400 audit(0.0:56): avc:  denied  { read } for  comm="binder:559_7" name="expire_count" dev="sysfs" ino=92097 scontext=u:r:system_suspend:s0 tcontext=u:object_r:sysfs:s0 tclass=file permissive=0
05-21 22:51:35.176   559   559 I auditd  : type=1400 audit(0.0:57): avc:  denied  { read } for  comm="binder:559_7" name="prevent_suspend_time_ms" dev="sysfs" ino=92102 scontext=u:r:system_suspend:s0 tcontext=u:object_r:sysfs:s0 tclass=file permissive=0
05-21 22:51:35.176   559   559 I auditd  : type=1400 audit(0.0:58): avc:  denied  { read } for  comm="binder:559_7" name="wakeup_count" dev="sysfs" ino=92096 scontext=u:r:system_suspend:s0 tcontext=u:object_r:sysfs:s0 tclass=file permissive=0
05-21 22:51:35.180   559   559 I auditd  : type=1400 audit(0.0:59): avc:  denied  { read } for  comm="binder:559_7" name="name" dev="sysfs" ino=67278 scontext=u:r:system_suspend:s0 tcontext=u:object_r:sysfs:s0 tclass=file permissive=0
05-21 22:51:35.180   559   559 I auditd  : type=1400 audit(0.0:60): avc:  denied  { read } for  comm="binder:559_7" name="active_count" dev="sysfs" ino=67279 scontext=u:r:system_suspend:s0 tcontext=u:object_r:sysfs:s0 tclass=file permissive=0
05-21 22:51:35.180   559   559 I auditd  : type=1400 audit(0.0:61): avc:  denied  { read } for  comm="binder:559_7" name="last_change_ms" dev="sysfs" ino=67286 scontext=u:r:system_suspend:s0 tcontext=u:object_r:sysfs:s0 tclass=file permissive=0
05-21 22:51:35.180   559   559 I auditd  : type=1400 audit(0.0:62): avc:  denied  { read } for  comm="binder:559_7" name="max_time_ms" dev="sysfs" ino=67285 scontext=u:r:system_suspend:s0 tcontext=u:object_r:sysfs:s0 tclass=file permissive=0
05-21 22:51:35.180   559   559 I auditd  : type=1400 audit(0.0:63): avc:  denied  { read } for  comm="binder:559_7" name="total_time_ms" dev="sysfs" ino=67284 scontext=u:r:system_suspend:s0 tcontext=u:object_r:sysfs:s0 tclass=file permissive=0
05-21 22:51:35.180   559   559 I auditd  : type=1400 audit(0.0:64): avc:  denied  { read } for  comm="binder:559_7" name="active_time_ms" dev="sysfs" ino=67283 scontext=u:r:system_suspend:s0 tcontext=u:object_r:sysfs:s0 tclass=file permissive=0
05-21 22:51:35.180   559   559 I auditd  : type=1400 audit(0.0:65): avc:  denied  { read } for  comm="binder:559_7" name="event_count" dev="sysfs" ino=67280 scontext=u:r:system_suspend:s0 tcontext=u:object_r:sysfs:s0 tclass=file permissive=0
05-21 22:51:35.180   559   559 I auditd  : type=1400 audit(0.0:66): avc:  denied  { read } for  comm="binder:559_7" name="expire_count" dev="sysfs" ino=67282 scontext=u:r:system_suspend:s0 tcontext=u:object_r:sysfs:s0 tclass=file permissive=0
05-21 22:51:35.180   559   559 I auditd  : type=1400 audit(0.0:67): avc:  denied  { read } for  comm="binder:559_7" name="prevent_suspend_time_ms" dev="sysfs" ino=67287 scontext=u:r:system_suspend:s0 tcontext=u:object_r:sysfs:s0 tclass=file permissive=0
05-21 22:51:35.180   559   559 I auditd  : type=1400 audit(0.0:68): avc:  denied  { read } for  comm="binder:559_7" name="wakeup_count" dev="sysfs" ino=67281 scontext=u:r:system_suspend:s0 tcontext=u:object_r:sysfs:s0 tclass=file permissive=0
05-21 22:51:35.204   559   559 I auditd  : type=1400 audit(0.0:69): avc:  denied  { read } for  comm="binder:559_7" name="name" dev="sysfs" ino=84765 scontext=u:r:system_suspend:s0 tcontext=u:object_r:sysfs:s0 tclass=file permissive=0
05-21 22:51:35.204   559   559 I auditd  : type=1400 audit(0.0:70): avc:  denied  { read } for  comm="binder:559_7" name="active_count" dev="sysfs" ino=84766 scontext=u:r:system_suspend:s0 tcontext=u:object_r:sysfs:s0 tclass=file permissive=0
05-21 22:51:35.204   559   559 I auditd  : type=1400 audit(0.0:71): avc:  denied  { read } for  comm="binder:559_7" name="last_change_ms" dev="sysfs" ino=84773 scontext=u:r:system_suspend:s0 tcontext=u:object_r:sysfs:s0 tclass=file permissive=0
05-21 22:51:35.204   559   559 I auditd  : type=1400 audit(0.0:72): avc:  denied  { read } for  comm="binder:559_7" name="max_time_ms" dev="sysfs" ino=84772 scontext=u:r:system_suspend:s0 tcontext=u:object_r:sysfs:s0 tclass=file permissive=0
05-21 22:51:35.204   559   559 I auditd  : type=1400 audit(0.0:73): avc:  denied  { read } for  comm="binder:559_7" name="total_time_ms" dev="sysfs" ino=84771 scontext=u:r:system_suspend:s0 tcontext=u:object_r:sysfs:s0 tclass=file permissive=0
05-21 22:51:35.204   559   559 I auditd  : type=1400 audit(0.0:74): avc:  denied  { read } for  comm="binder:559_7" name="active_time_ms" dev="sysfs" ino=84770 scontext=u:r:system_suspend:s0 tcontext=u:object_r:sysfs:s0 tclass=file permissive=0
05-21 22:51:35.204   559   559 I auditd  : type=1400 audit(0.0:75): avc:  denied  { read } for  comm="binder:559_7" name="event_count" dev="sysfs" ino=84767 scontext=u:r:system_suspend:s0 tcontext=u:object_r:sysfs:s0 tclass=file permissive=0
05-21 22:51:35.204   559   559 I auditd  : type=1400 audit(0.0:76): avc:  denied  { read } for  comm="binder:559_7" name="expire_count" dev="sysfs" ino=84769 scontext=u:r:system_suspend:s0 tcontext=u:object_r:sysfs:s0 tclass=file permissive=0
05-21 22:51:35.204   559   559 I auditd  : type=1400 audit(0.0:77): avc:  denied  { read } for  comm="binder:559_7" name="prevent_suspend_time_ms" dev="sysfs" ino=84774 scontext=u:r:system_suspend:s0 tcontext=u:object_r:sysfs:s0 tclass=file permissive=0
05-21 22:51:35.204   559   559 I auditd  : type=1400 audit(0.0:78): avc:  denied  { read } for  comm="binder:559_7" name="wakeup_count" dev="sysfs" ino=84768 scontext=u:r:system_suspend:s0 tcontext=u:object_r:sysfs:s0 tclass=file permissive=0
05-21 22:51:35.220   559   559 I auditd  : type=1400 audit(0.0:79): avc:  denied  { read } for  comm="binder:559_7" name="name" dev="sysfs" ino=61161 scontext=u:r:system_suspend:s0 tcontext=u:object_r:sysfs:s0 tclass=file permissive=0
05-21 22:51:35.220   559   559 I auditd  : type=1400 audit(0.0:80): avc:  denied  { read } for  comm="binder:559_7" name="active_count" dev="sysfs" ino=61162 scontext=u:r:system_suspend:s0 tcontext=u:object_r:sysfs:s0 tclass=file permissive=0
05-21 22:51:35.220   559   559 I auditd  : type=1400 audit(0.0:81): avc:  denied  { read } for  comm="binder:559_7" name="last_change_ms" dev="sysfs" ino=61169 scontext=u:r:system_suspend:s0 tcontext=u:object_r:sysfs:s0 tclass=file permissive=0
05-21 22:51:35.220   559   559 I auditd  : type=1400 audit(0.0:82): avc:  denied  { read } for  comm="binder:559_7" name="max_time_ms" dev="sysfs" ino=61168 scontext=u:r:system_suspend:s0 tcontext=u:object_r:sysfs:s0 tclass=file permissive=0
05-21 22:51:35.220   559   559 I auditd  : type=1400 audit(0.0:83): avc:  denied  { read } for  comm="binder:559_7" name="total_time_ms" dev="sysfs" ino=61167 scontext=u:r:system_suspend:s0 tcontext=u:object_r:sysfs:s0 tclass=file permissive=0
05-21 22:51:35.220   559   559 I auditd  : type=1400 audit(0.0:84): avc:  denied  { read } for  comm="binder:559_7" name="active_time_ms" dev="sysfs" ino=61166 scontext=u:r:system_suspend:s0 tcontext=u:object_r:sysfs:s0 tclass=file permissive=0
05-21 22:51:35.220   559   559 I auditd  : type=1400 audit(0.0:85): avc:  denied  { read } for  comm="binder:559_7" name="event_count" dev="sysfs" ino=61163 scontext=u:r:system_suspend:s0 tcontext=u:object_r:sysfs:s0 tclass=file permissive=0
05-21 22:51:35.220   559   559 I auditd  : type=1400 audit(0.0:86): avc:  denied  { read } for  comm="binder:559_7" name="expire_count" dev="sysfs" ino=61165 scontext=u:r:system_suspend:s0 tcontext=u:object_r:sysfs:s0 tclass=file permissive=0
05-21 22:51:35.220   559   559 I auditd  : type=1400 audit(0.0:87): avc:  denied  { read } for  comm="binder:559_7" name="prevent_suspend_time_ms" dev="sysfs" ino=61170 scontext=u:r:system_suspend:s0 tcontext=u:object_r:sysfs:s0 tclass=file permissive=0
05-21 22:51:35.220   559   559 I auditd  : type=1400 audit(0.0:88): avc:  denied  { read } for  comm="binder:559_7" name="wakeup_count" dev="sysfs" ino=61164 scontext=u:r:system_suspend:s0 tcontext=u:object_r:sysfs:s0 tclass=file permissive=0
05-21 22:51:35.224   559   559 I auditd  : type=1400 audit(0.0:89): avc:  denied  { read } for  comm="binder:559_7" name="name" dev="sysfs" ino=66912 scontext=u:r:system_suspend:s0 tcontext=u:object_r:sysfs:s0 tclass=file permissive=0
05-21 22:51:35.224   559   559 I auditd  : type=1400 audit(0.0:90): avc:  denied  { read } for  comm="binder:559_7" name="active_count" dev="sysfs" ino=66913 scontext=u:r:system_suspend:s0 tcontext=u:object_r:sysfs:s0 tclass=file permissive=0
05-21 22:51:35.228   559   559 I auditd  : type=1400 audit(0.0:91): avc:  denied  { read } for  comm="binder:559_7" name="last_change_ms" dev="sysfs" ino=66920 scontext=u:r:system_suspend:s0 tcontext=u:object_r:sysfs:s0 tclass=file permissive=0
05-21 22:51:35.228   559   559 I auditd  : type=1400 audit(0.0:92): avc:  denied  { read } for  comm="binder:559_7" name="max_time_ms" dev="sysfs" ino=66919 scontext=u:r:system_suspend:s0 tcontext=u:object_r:sysfs:s0 tclass=file permissive=0
05-21 22:51:35.228   559   559 I auditd  : type=1400 audit(0.0:93): avc:  denied  { read } for  comm="binder:559_7" name="total_time_ms" dev="sysfs" ino=66918 scontext=u:r:system_suspend:s0 tcontext=u:object_r:sysfs:s0 tclass=file permissive=0
05-21 22:51:35.228   559   559 I auditd  : type=1400 audit(0.0:94): avc:  denied  { read } for  comm="binder:559_7" name="active_time_ms" dev="sysfs" ino=66917 scontext=u:r:system_suspend:s0 tcontext=u:object_r:sysfs:s0 tclass=file permissive=0
05-21 22:51:35.228   559   559 I auditd  : type=1400 audit(0.0:95): avc:  denied  { read } for  comm="binder:559_7" name="event_count" dev="sysfs" ino=66914 scontext=u:r:system_suspend:s0 tcontext=u:object_r:sysfs:s0 tclass=file permissive=0
05-21 22:51:35.228   559   559 I auditd  : type=1400 audit(0.0:96): avc:  denied  { read } for  comm="binder:559_7" name="expire_count" dev="sysfs" ino=66916 scontext=u:r:system_suspend:s0 tcontext=u:object_r:sysfs:s0 tclass=file permissive=0
05-21 22:51:35.228   559   559 I auditd  : type=1400 audit(0.0:97): avc:  denied  { read } for  comm="binder:559_7" name="prevent_suspend_time_ms" dev="sysfs" ino=66921 scontext=u:r:system_suspend:s0 tcontext=u:object_r:sysfs:s0 tclass=file permissive=0
05-21 22:51:35.228   559   559 I auditd  : type=1400 audit(0.0:98): avc:  denied  { read } for  comm="binder:559_7" name="wakeup_count" dev="sysfs" ino=66915 scontext=u:r:system_suspend:s0 tcontext=u:object_r:sysfs:s0 tclass=file permissive=0
05-21 22:51:35.240   965   965 I auditd  : type=1400 audit(0.0:99): avc:  denied  { search } for  comm="android.hardwar" name="udc" dev="sysfs" ino=23065 scontext=u:r:mtk_hal_usb:s0 tcontext=u:object_r:sysfs_udc:s0 tclass=dir permissive=0
05-21 22:51:35.284   559   559 I auditd  : type=1400 audit(0.0:100): avc:  denied  { read } for  comm="binder:559_7" name="name" dev="sysfs" ino=84728 scontext=u:r:system_suspend:s0 tcontext=u:object_r:sysfs:s0 tclass=file permissive=0
05-21 22:51:35.284   559   559 I auditd  : type=1400 audit(0.0:101): avc:  denied  { read } for  comm="binder:559_7" name="active_count" dev="sysfs" ino=84729 scontext=u:r:system_suspend:s0 tcontext=u:object_r:sysfs:s0 tclass=file permissive=0
05-21 22:51:35.284   559   559 I auditd  : type=1400 audit(0.0:102): avc:  denied  { read } for  comm="binder:559_7" name="last_change_ms" dev="sysfs" ino=84736 scontext=u:r:system_suspend:s0 tcontext=u:object_r:sysfs:s0 tclass=file permissive=0
05-21 22:51:35.284   559   559 I auditd  : type=1400 audit(0.0:103): avc:  denied  { read } for  comm="binder:559_7" name="max_time_ms" dev="sysfs" ino=84735 scontext=u:r:system_suspend:s0 tcontext=u:object_r:sysfs:s0 tclass=file permissive=0
05-21 22:51:35.284   559   559 I auditd  : type=1400 audit(0.0:104): avc:  denied  { read } for  comm="binder:559_7" name="total_time_ms" dev="sysfs" ino=84734 scontext=u:r:system_suspend:s0 tcontext=u:object_r:sysfs:s0 tclass=file permissive=0
05-21 22:51:35.284   559   559 I auditd  : type=1400 audit(0.0:105): avc:  denied  { read } for  comm="binder:559_7" name="active_time_ms" dev="sysfs" ino=84733 scontext=u:r:system_suspend:s0 tcontext=u:object_r:sysfs:s0 tclass=file permissive=0
05-21 22:51:35.284   559   559 I auditd  : type=1400 audit(0.0:106): avc:  denied  { read } for  comm="binder:559_7" name="event_count" dev="sysfs" ino=84730 scontext=u:r:system_suspend:s0 tcontext=u:object_r:sysfs:s0 tclass=file permissive=0
05-21 22:51:35.284   559   559 I auditd  : type=1400 audit(0.0:107): avc:  denied  { read } for  comm="binder:559_7" name="expire_count" dev="sysfs" ino=84732 scontext=u:r:system_suspend:s0 tcontext=u:object_r:sysfs:s0 tclass=file permissive=0
05-21 22:51:35.284   559   559 I auditd  : type=1400 audit(0.0:108): avc:  denied  { read } for  comm="binder:559_7" name="prevent_suspend_time_ms" dev="sysfs" ino=84737 scontext=u:r:system_suspend:s0 tcontext=u:object_r:sysfs:s0 tclass=file permissive=0
05-21 22:51:35.284   559   559 I auditd  : type=1400 audit(0.0:109): avc:  denied  { read } for  comm="binder:559_7" name="wakeup_count" dev="sysfs" ino=84731 scontext=u:r:system_suspend:s0 tcontext=u:object_r:sysfs:s0 tclass=file permissive=0
05-21 22:51:35.288   559   559 I auditd  : type=1400 audit(0.0:110): avc:  denied  { read } for  comm="binder:559_7" name="name" dev="sysfs" ino=61186 scontext=u:r:system_suspend:s0 tcontext=u:object_r:sysfs:s0 tclass=file permissive=0
05-21 22:51:35.288   559   559 I auditd  : type=1400 audit(0.0:111): avc:  denied  { read } for  comm="binder:559_7" name="active_count" dev="sysfs" ino=61187 scontext=u:r:system_suspend:s0 tcontext=u:object_r:sysfs:s0 tclass=file permissive=0
05-21 22:51:35.288   559   559 I auditd  : type=1400 audit(0.0:112): avc:  denied  { read } for  comm="binder:559_7" name="last_change_ms" dev="sysfs" ino=61194 scontext=u:r:system_suspend:s0 tcontext=u:object_r:sysfs:s0 tclass=file permissive=0
05-21 22:51:35.288   559   559 I auditd  : type=1400 audit(0.0:113): avc:  denied  { read } for  comm="binder:559_7" name="max_time_ms" dev="sysfs" ino=61193 scontext=u:r:system_suspend:s0 tcontext=u:object_r:sysfs:s0 tclass=file permissive=0
05-21 22:51:35.288   559   559 I auditd  : type=1400 audit(0.0:114): avc:  denied  { read } for  comm="binder:559_7" name="total_time_ms" dev="sysfs" ino=61192 scontext=u:r:system_suspend:s0 tcontext=u:object_r:sysfs:s0 tclass=file permissive=0
05-21 22:51:35.288   559   559 I auditd  : type=1400 audit(0.0:115): avc:  denied  { read } for  comm="binder:559_7" name="active_time_ms" dev="sysfs" ino=61191 scontext=u:r:system_suspend:s0 tcontext=u:object_r:sysfs:s0 tclass=file permissive=0
05-21 22:51:35.288   559   559 I auditd  : type=1400 audit(0.0:116): avc:  denied  { read } for  comm="binder:559_7" name="event_count" dev="sysfs" ino=61188 scontext=u:r:system_suspend:s0 tcontext=u:object_r:sysfs:s0 tclass=file permissive=0
05-21 22:51:35.288   559   559 I auditd  : type=1400 audit(0.0:117): avc:  denied  { read } for  comm="binder:559_7" name="expire_count" dev="sysfs" ino=61190 scontext=u:r:system_suspend:s0 tcontext=u:object_r:sysfs:s0 tclass=file permissive=0
05-21 22:51:35.288   559   559 I auditd  : type=1400 audit(0.0:118): avc:  denied  { read } for  comm="binder:559_7" name="prevent_suspend_time_ms" dev="sysfs" ino=61195 scontext=u:r:system_suspend:s0 tcontext=u:object_r:sysfs:s0 tclass=file permissive=0
05-21 22:51:35.288   559   559 I auditd  : type=1400 audit(0.0:119): avc:  denied  { read } for  comm="binder:559_7" name="wakeup_count" dev="sysfs" ino=61189 scontext=u:r:system_suspend:s0 tcontext=u:object_r:sysfs:s0 tclass=file permissive=0
05-21 22:51:35.304   814   814 I auditd  : type=1400 audit(0.0:120): avc:  denied  { open } for  comm="android.hardwar" path="/sys/devices/platform/soc/11017000.i2c/i2c-5/5-006a/power_supply/5-006a/type" dev="sysfs" ino=61137 scontext=u:r:hal_health_default:s0 tcontext=u:object_r:sysfs:s0 tclass=file permissive=0
05-21 22:51:35.312   559   559 I auditd  : type=1400 audit(0.0:121): avc:  denied  { read } for  comm="binder:559_7" name="name" dev="sysfs" ino=39086 scontext=u:r:system_suspend:s0 tcontext=u:object_r:sysfs:s0 tclass=file permissive=0
05-21 22:51:35.312   559   559 I auditd  : type=1400 audit(0.0:122): avc:  denied  { read } for  comm="binder:559_7" name="active_count" dev="sysfs" ino=39087 scontext=u:r:system_suspend:s0 tcontext=u:object_r:sysfs:s0 tclass=file permissive=0
05-21 22:51:35.312   559   559 I auditd  : type=1400 audit(0.0:123): avc:  denied  { read } for  comm="binder:559_7" name="last_change_ms" dev="sysfs" ino=39094 scontext=u:r:system_suspend:s0 tcontext=u:object_r:sysfs:s0 tclass=file permissive=0
05-21 22:51:35.312   559   559 I auditd  : type=1400 audit(0.0:124): avc:  denied  { read } for  comm="binder:559_7" name="max_time_ms" dev="sysfs" ino=39093 scontext=u:r:system_suspend:s0 tcontext=u:object_r:sysfs:s0 tclass=file permissive=0
05-21 22:51:35.312   559   559 I auditd  : type=1400 audit(0.0:125): avc:  denied  { read } for  comm="binder:559_7" name="total_time_ms" dev="sysfs" ino=39092 scontext=u:r:system_suspend:s0 tcontext=u:object_r:sysfs:s0 tclass=file permissive=0
05-21 22:51:35.312   559   559 I auditd  : type=1400 audit(0.0:126): avc:  denied  { read } for  comm="binder:559_7" name="active_time_ms" dev="sysfs" ino=39091 scontext=u:r:system_suspend:s0 tcontext=u:object_r:sysfs:s0 tclass=file permissive=0
05-21 22:51:35.312   559   559 I auditd  : type=1400 audit(0.0:127): avc:  denied  { read } for  comm="binder:559_7" name="event_count" dev="sysfs" ino=39088 scontext=u:r:system_suspend:s0 tcontext=u:object_r:sysfs:s0 tclass=file permissive=0
05-21 22:51:35.312   559   559 I auditd  : type=1400 audit(0.0:128): avc:  denied  { read } for  comm="binder:559_7" name="expire_count" dev="sysfs" ino=39090 scontext=u:r:system_suspend:s0 tcontext=u:object_r:sysfs:s0 tclass=file permissive=0
05-21 22:51:35.312   559   559 I auditd  : type=1400 audit(0.0:129): avc:  denied  { read } for  comm="binder:559_7" name="prevent_suspend_time_ms" dev="sysfs" ino=39095 scontext=u:r:system_suspend:s0 tcontext=u:object_r:sysfs:s0 tclass=file permissive=0
05-21 22:51:35.312   559   559 I auditd  : type=1400 audit(0.0:130): avc:  denied  { read } for  comm="binder:559_7" name="wakeup_count" dev="sysfs" ino=39089 scontext=u:r:system_suspend:s0 tcontext=u:object_r:sysfs:s0 tclass=file permissive=0
05-21 22:51:35.312   559   559 I auditd  : type=1400 audit(0.0:131): avc:  denied  { read } for  comm="binder:559_7" name="name" dev="sysfs" ino=92093 scontext=u:r:system_suspend:s0 tcontext=u:object_r:sysfs:s0 tclass=file permissive=0
05-21 22:51:35.312   559   559 I auditd  : type=1400 audit(0.0:132): avc:  denied  { read } for  comm="binder:559_7" name="active_count" dev="sysfs" ino=92094 scontext=u:r:system_suspend:s0 tcontext=u:object_r:sysfs:s0 tclass=file permissive=0
05-21 22:51:35.312   559   559 I auditd  : type=1400 audit(0.0:133): avc:  denied  { read } for  comm="binder:559_7" name="last_change_ms" dev="sysfs" ino=92101 scontext=u:r:system_suspend:s0 tcontext=u:object_r:sysfs:s0 tclass=file permissive=0
05-21 22:51:35.312   559   559 I auditd  : type=1400 audit(0.0:134): avc:  denied  { read } for  comm="binder:559_7" name="max_time_ms" dev="sysfs" ino=92100 scontext=u:r:system_suspend:s0 tcontext=u:object_r:sysfs:s0 tclass=file permissive=0
05-21 22:51:35.312   559   559 I auditd  : type=1400 audit(0.0:135): avc:  denied  { read } for  comm="binder:559_7" name="total_time_ms" dev="sysfs" ino=92099 scontext=u:r:system_suspend:s0 tcontext=u:object_r:sysfs:s0 tclass=file permissive=0
05-21 22:51:35.312   559   559 I auditd  : type=1400 audit(0.0:136): avc:  denied  { read } for  comm="binder:559_7" name="active_time_ms" dev="sysfs" ino=92098 scontext=u:r:system_suspend:s0 tcontext=u:object_r:sysfs:s0 tclass=file permissive=0
05-21 22:51:35.312   559   559 I auditd  : type=1400 audit(0.0:137): avc:  denied  { read } for  comm="binder:559_7" name="event_count" dev="sysfs" ino=92095 scontext=u:r:system_suspend:s0 tcontext=u:object_r:sysfs:s0 tclass=file permissive=0
05-21 22:51:35.312   559   559 I auditd  : type=1400 audit(0.0:138): avc:  denied  { read } for  comm="binder:559_7" name="expire_count" dev="sysfs" ino=92097 scontext=u:r:system_suspend:s0 tcontext=u:object_r:sysfs:s0 tclass=file permissive=0
05-21 22:51:35.312   559   559 I auditd  : type=1400 audit(0.0:139): avc:  denied  { read } for  comm="binder:559_7" name="prevent_suspend_time_ms" dev="sysfs" ino=92102 scontext=u:r:system_suspend:s0 tcontext=u:object_r:sysfs:s0 tclass=file permissive=0
05-21 22:51:35.312   559   559 I auditd  : type=1400 audit(0.0:140): avc:  denied  { read } for  comm="binder:559_7" name="wakeup_count" dev="sysfs" ino=92096 scontext=u:r:system_suspend:s0 tcontext=u:object_r:sysfs:s0 tclass=file permissive=0
05-21 22:51:35.312   559   559 I auditd  : type=1400 audit(0.0:141): avc:  denied  { read } for  comm="binder:559_7" name="name" dev="sysfs" ino=67278 scontext=u:r:system_suspend:s0 tcontext=u:object_r:sysfs:s0 tclass=file permissive=0
05-21 22:51:35.312   559   559 I auditd  : type=1400 audit(0.0:142): avc:  denied  { read } for  comm="binder:559_7" name="active_count" dev="sysfs" ino=67279 scontext=u:r:system_suspend:s0 tcontext=u:object_r:sysfs:s0 tclass=file permissive=0
05-21 22:51:35.312   559   559 I auditd  : type=1400 audit(0.0:143): avc:  denied  { read } for  comm="binder:559_7" name="last_change_ms" dev="sysfs" ino=67286 scontext=u:r:system_suspend:s0 tcontext=u:object_r:sysfs:s0 tclass=file permissive=0
05-21 22:51:35.312   559   559 I auditd  : type=1400 audit(0.0:144): avc:  denied  { read } for  comm="binder:559_7" name="max_time_ms" dev="sysfs" ino=67285 scontext=u:r:system_suspend:s0 tcontext=u:object_r:sysfs:s0 tclass=file permissive=0
05-21 22:51:35.312   559   559 I auditd  : type=1400 audit(0.0:145): avc:  denied  { read } for  comm="binder:559_7" name="total_time_ms" dev="sysfs" ino=67284 scontext=u:r:system_suspend:s0 tcontext=u:object_r:sysfs:s0 tclass=file permissive=0
05-21 22:51:35.312   559   559 I auditd  : type=1400 audit(0.0:146): avc:  denied  { read } for  comm="binder:559_7" name="active_time_ms" dev="sysfs" ino=67283 scontext=u:r:system_suspend:s0 tcontext=u:object_r:sysfs:s0 tclass=file permissive=0
05-21 22:51:35.312   559   559 I auditd  : type=1400 audit(0.0:147): avc:  denied  { read } for  comm="binder:559_7" name="event_count" dev="sysfs" ino=67280 scontext=u:r:system_suspend:s0 tcontext=u:object_r:sysfs:s0 tclass=file permissive=0
05-21 22:51:35.312   559   559 I auditd  : type=1400 audit(0.0:148): avc:  denied  { read } for  comm="binder:559_7" name="expire_count" dev="sysfs" ino=67282 scontext=u:r:system_suspend:s0 tcontext=u:object_r:sysfs:s0 tclass=file permissive=0
05-21 22:51:35.312   559   559 I auditd  : type=1400 audit(0.0:149): avc:  denied  { read } for  comm="binder:559_7" name="prevent_suspend_time_ms" dev="sysfs" ino=67287 scontext=u:r:system_suspend:s0 tcontext=u:object_r:sysfs:s0 tclass=file permissive=0
05-21 22:51:35.312   559   559 I auditd  : type=1400 audit(0.0:150): avc:  denied  { read } for  comm="binder:559_7" name="wakeup_count" dev="sysfs" ino=67281 scontext=u:r:system_suspend:s0 tcontext=u:object_r:sysfs:s0 tclass=file permissive=0
05-21 22:51:35.312   559   559 I auditd  : type=1400 audit(0.0:151): avc:  denied  { read } for  comm="binder:559_7" name="name" dev="sysfs" ino=84765 scontext=u:r:system_suspend:s0 tcontext=u:object_r:sysfs:s0 tclass=file permissive=0
05-21 22:51:35.312   559   559 I auditd  : type=1400 audit(0.0:152): avc:  denied  { read } for  comm="binder:559_7" name="active_count" dev="sysfs" ino=84766 scontext=u:r:system_suspend:s0 tcontext=u:object_r:sysfs:s0 tclass=file permissive=0
05-21 22:51:35.312   559   559 I auditd  : type=1400 audit(0.0:153): avc:  denied  { read } for  comm="binder:559_7" name="last_change_ms" dev="sysfs" ino=84773 scontext=u:r:system_suspend:s0 tcontext=u:object_r:sysfs:s0 tclass=file permissive=0
05-21 22:51:35.312   559   559 I auditd  : type=1400 audit(0.0:154): avc:  denied  { read } for  comm="binder:559_7" name="max_time_ms" dev="sysfs" ino=84772 scontext=u:r:system_suspend:s0 tcontext=u:object_r:sysfs:s0 tclass=file permissive=0
05-21 22:51:35.312   559   559 I auditd  : type=1400 audit(0.0:155): avc:  denied  { read } for  comm="binder:559_7" name="total_time_ms" dev="sysfs" ino=84771 scontext=u:r:system_suspend:s0 tcontext=u:object_r:sysfs:s0 tclass=file permissive=0
05-21 22:51:35.312   559   559 I auditd  : type=1400 audit(0.0:156): avc:  denied  { read } for  comm="binder:559_7" name="active_time_ms" dev="sysfs" ino=84770 scontext=u:r:system_suspend:s0 tcontext=u:object_r:sysfs:s0 tclass=file permissive=0
05-21 22:51:35.312   559   559 I auditd  : type=1400 audit(0.0:157): avc:  denied  { read } for  comm="binder:559_7" name="event_count" dev="sysfs" ino=84767 scontext=u:r:system_suspend:s0 tcontext=u:object_r:sysfs:s0 tclass=file permissive=0
05-21 22:51:35.312   559   559 I auditd  : type=1400 audit(0.0:158): avc:  denied  { read } for  comm="binder:559_7" name="expire_count" dev="sysfs" ino=84769 scontext=u:r:system_suspend:s0 tcontext=u:object_r:sysfs:s0 tclass=file permissive=0
05-21 22:51:35.312   559   559 I auditd  : type=1400 audit(0.0:159): avc:  denied  { read } for  comm="binder:559_7" name="prevent_suspend_time_ms" dev="sysfs" ino=84774 scontext=u:r:system_suspend:s0 tcontext=u:object_r:sysfs:s0 tclass=file permissive=0
05-21 22:51:35.312   559   559 I auditd  : type=1400 audit(0.0:160): avc:  denied  { read } for  comm="binder:559_7" name="wakeup_count" dev="sysfs" ino=84768 scontext=u:r:system_suspend:s0 tcontext=u:object_r:sysfs:s0 tclass=file permissive=0
05-21 22:51:35.316   559   559 I auditd  : type=1400 audit(0.0:161): avc:  denied  { read } for  comm="binder:559_7" name="name" dev="sysfs" ino=61161 scontext=u:r:system_suspend:s0 tcontext=u:object_r:sysfs:s0 tclass=file permissive=0
05-21 22:51:35.316   559   559 I auditd  : type=1400 audit(0.0:162): avc:  denied  { read } for  comm="binder:559_7" name="active_count" dev="sysfs" ino=61162 scontext=u:r:system_suspend:s0 tcontext=u:object_r:sysfs:s0 tclass=file permissive=0
05-21 22:51:35.316   559   559 I auditd  : type=1400 audit(0.0:163): avc:  denied  { read } for  comm="binder:559_7" name="last_change_ms" dev="sysfs" ino=61169 scontext=u:r:system_suspend:s0 tcontext=u:object_r:sysfs:s0 tclass=file permissive=0
05-21 22:51:35.316   559   559 I auditd  : type=1400 audit(0.0:164): avc:  denied  { read } for  comm="binder:559_7" name="max_time_ms" dev="sysfs" ino=61168 scontext=u:r:system_suspend:s0 tcontext=u:object_r:sysfs:s0 tclass=file permissive=0
05-21 22:51:35.316   559   559 I auditd  : type=1400 audit(0.0:165): avc:  denied  { read } for  comm="binder:559_7" name="total_time_ms" dev="sysfs" ino=61167 scontext=u:r:system_suspend:s0 tcontext=u:object_r:sysfs:s0 tclass=file permissive=0
05-21 22:51:35.316   559   559 I auditd  : type=1400 audit(0.0:166): avc:  denied  { read } for  comm="binder:559_7" name="active_time_ms" dev="sysfs" ino=61166 scontext=u:r:system_suspend:s0 tcontext=u:object_r:sysfs:s0 tclass=file permissive=0
05-21 22:51:35.316   559   559 I auditd  : type=1400 audit(0.0:167): avc:  denied  { read } for  comm="binder:559_7" name="event_count" dev="sysfs" ino=61163 scontext=u:r:system_suspend:s0 tcontext=u:object_r:sysfs:s0 tclass=file permissive=0
05-21 22:51:35.316   559   559 I auditd  : type=1400 audit(0.0:168): avc:  denied  { read } for  comm="binder:559_7" name="expire_count" dev="sysfs" ino=61165 scontext=u:r:system_suspend:s0 tcontext=u:object_r:sysfs:s0 tclass=file permissive=0
05-21 22:51:35.316   559   559 I auditd  : type=1400 audit(0.0:169): avc:  denied  { read } for  comm="binder:559_7" name="prevent_suspend_time_ms" dev="sysfs" ino=61170 scontext=u:r:system_suspend:s0 tcontext=u:object_r:sysfs:s0 tclass=file permissive=0
05-21 22:51:35.316   559   559 I auditd  : type=1400 audit(0.0:170): avc:  denied  { read } for  comm="binder:559_7" name="wakeup_count" dev="sysfs" ino=61164 scontext=u:r:system_suspend:s0 tcontext=u:object_r:sysfs:s0 tclass=file permissive=0
05-21 22:51:35.316   559   559 I auditd  : type=1400 audit(0.0:171): avc:  denied  { read } for  comm="binder:559_7" name="name" dev="sysfs" ino=66912 scontext=u:r:system_suspend:s0 tcontext=u:object_r:sysfs:s0 tclass=file permissive=0
05-21 22:51:35.316   559   559 I auditd  : type=1400 audit(0.0:172): avc:  denied  { read } for  comm="binder:559_7" name="active_count" dev="sysfs" ino=66913 scontext=u:r:system_suspend:s0 tcontext=u:object_r:sysfs:s0 tclass=file permissive=0
05-21 22:51:35.316   559   559 I auditd  : type=1400 audit(0.0:173): avc:  denied  { read } for  comm="binder:559_7" name="last_change_ms" dev="sysfs" ino=66920 scontext=u:r:system_suspend:s0 tcontext=u:object_r:sysfs:s0 tclass=file permissive=0
05-21 22:51:35.316   559   559 I auditd  : type=1400 audit(0.0:174): avc:  denied  { read } for  comm="binder:559_7" name="max_time_ms" dev="sysfs" ino=66919 scontext=u:r:system_suspend:s0 tcontext=u:object_r:sysfs:s0 tclass=file permissive=0
05-21 22:51:35.316   559   559 I auditd  : type=1400 audit(0.0:175): avc:  denied  { read } for  comm="binder:559_7" name="total_time_ms" dev="sysfs" ino=66918 scontext=u:r:system_suspend:s0 tcontext=u:object_r:sysfs:s0 tclass=file permissive=0
05-21 22:51:35.316   559   559 I auditd  : type=1400 audit(0.0:176): avc:  denied  { read } for  comm="binder:559_7" name="active_time_ms" dev="sysfs" ino=66917 scontext=u:r:system_suspend:s0 tcontext=u:object_r:sysfs:s0 tclass=file permissive=0
05-21 22:51:35.316   559   559 I auditd  : type=1400 audit(0.0:177): avc:  denied  { read } for  comm="binder:559_7" name="event_count" dev="sysfs" ino=66914 scontext=u:r:system_suspend:s0 tcontext=u:object_r:sysfs:s0 tclass=file permissive=0
05-21 22:51:35.316   559   559 I auditd  : type=1400 audit(0.0:178): avc:  denied  { read } for  comm="binder:559_7" name="expire_count" dev="sysfs" ino=66916 scontext=u:r:system_suspend:s0 tcontext=u:object_r:sysfs:s0 tclass=file permissive=0
05-21 22:51:35.316   559   559 I auditd  : type=1400 audit(0.0:179): avc:  denied  { read } for  comm="binder:559_7" name="prevent_suspend_time_ms" dev="sysfs" ino=66921 scontext=u:r:system_suspend:s0 tcontext=u:object_r:sysfs:s0 tclass=file permissive=0
05-21 22:51:35.316   559   559 I auditd  : type=1400 audit(0.0:180): avc:  denied  { read } for  comm="binder:559_7" name="wakeup_count" dev="sysfs" ino=66915 scontext=u:r:system_suspend:s0 tcontext=u:object_r:sysfs:s0 tclass=file permissive=0
05-21 22:51:35.320   559   559 I auditd  : type=1400 audit(0.0:181): avc:  denied  { read } for  comm="binder:559_7" name="name" dev="sysfs" ino=84728 scontext=u:r:system_suspend:s0 tcontext=u:object_r:sysfs:s0 tclass=file permissive=0
05-21 22:51:35.320   559   559 I auditd  : type=1400 audit(0.0:182): avc:  denied  { read } for  comm="binder:559_7" name="active_count" dev="sysfs" ino=84729 scontext=u:r:system_suspend:s0 tcontext=u:object_r:sysfs:s0 tclass=file permissive=0
05-21 22:51:35.320   559   559 I auditd  : type=1400 audit(0.0:183): avc:  denied  { read } for  comm="binder:559_7" name="last_change_ms" dev="sysfs" ino=84736 scontext=u:r:system_suspend:s0 tcontext=u:object_r:sysfs:s0 tclass=file permissive=0
05-21 22:51:35.320   559   559 I auditd  : type=1400 audit(0.0:184): avc:  denied  { read } for  comm="binder:559_7" name="max_time_ms" dev="sysfs" ino=84735 scontext=u:r:system_suspend:s0 tcontext=u:object_r:sysfs:s0 tclass=file permissive=0
05-21 22:51:35.320   559   559 I auditd  : type=1400 audit(0.0:185): avc:  denied  { read } for  comm="binder:559_7" name="total_time_ms" dev="sysfs" ino=84734 scontext=u:r:system_suspend:s0 tcontext=u:object_r:sysfs:s0 tclass=file permissive=0
05-21 22:51:35.320   559   559 I auditd  : type=1400 audit(0.0:186): avc:  denied  { read } for  comm="binder:559_7" name="active_time_ms" dev="sysfs" ino=84733 scontext=u:r:system_suspend:s0 tcontext=u:object_r:sysfs:s0 tclass=file permissive=0
05-21 22:51:35.320   559   559 I auditd  : type=1400 audit(0.0:187): avc:  denied  { read } for  comm="binder:559_7" name="event_count" dev="sysfs" ino=84730 scontext=u:r:system_suspend:s0 tcontext=u:object_r:sysfs:s0 tclass=file permissive=0
05-21 22:51:35.320   559   559 I auditd  : type=1400 audit(0.0:188): avc:  denied  { read } for  comm="binder:559_7" name="expire_count" dev="sysfs" ino=84732 scontext=u:r:system_suspend:s0 tcontext=u:object_r:sysfs:s0 tclass=file permissive=0
05-21 22:51:35.320   559   559 I auditd  : type=1400 audit(0.0:189): avc:  denied  { read } for  comm="binder:559_7" name="prevent_suspend_time_ms" dev="sysfs" ino=84737 scontext=u:r:system_suspend:s0 tcontext=u:object_r:sysfs:s0 tclass=file permissive=0
05-21 22:51:35.320   559   559 I auditd  : type=1400 audit(0.0:190): avc:  denied  { read } for  comm="binder:559_7" name="wakeup_count" dev="sysfs" ino=84731 scontext=u:r:system_suspend:s0 tcontext=u:object_r:sysfs:s0 tclass=file permissive=0
05-21 22:51:35.324   559   559 I auditd  : type=1400 audit(0.0:191): avc:  denied  { read } for  comm="binder:559_7" name="name" dev="sysfs" ino=61186 scontext=u:r:system_suspend:s0 tcontext=u:object_r:sysfs:s0 tclass=file permissive=0
05-21 22:51:35.324   559   559 I auditd  : type=1400 audit(0.0:192): avc:  denied  { read } for  comm="binder:559_7" name="active_count" dev="sysfs" ino=61187 scontext=u:r:system_suspend:s0 tcontext=u:object_r:sysfs:s0 tclass=file permissive=0
05-21 22:51:35.324   559   559 I auditd  : type=1400 audit(0.0:193): avc:  denied  { read } for  comm="binder:559_7" name="last_change_ms" dev="sysfs" ino=61194 scontext=u:r:system_suspend:s0 tcontext=u:object_r:sysfs:s0 tclass=file permissive=0
05-21 22:51:35.324   559   559 I auditd  : type=1400 audit(0.0:194): avc:  denied  { read } for  comm="binder:559_7" name="max_time_ms" dev="sysfs" ino=61193 scontext=u:r:system_suspend:s0 tcontext=u:object_r:sysfs:s0 tclass=file permissive=0
05-21 22:51:35.324   559   559 I auditd  : type=1400 audit(0.0:195): avc:  denied  { read } for  comm="binder:559_7" name="total_time_ms" dev="sysfs" ino=61192 scontext=u:r:system_suspend:s0 tcontext=u:object_r:sysfs:s0 tclass=file permissive=0
05-21 22:51:35.324   559   559 I auditd  : type=1400 audit(0.0:196): avc:  denied  { read } for  comm="binder:559_7" name="active_time_ms" dev="sysfs" ino=61191 scontext=u:r:system_suspend:s0 tcontext=u:object_r:sysfs:s0 tclass=file permissive=0
05-21 22:51:35.324   559   559 I auditd  : type=1400 audit(0.0:197): avc:  denied  { read } for  comm="binder:559_7" name="event_count" dev="sysfs" ino=61188 scontext=u:r:system_suspend:s0 tcontext=u:object_r:sysfs:s0 tclass=file permissive=0
05-21 22:51:35.324   559   559 I auditd  : type=1400 audit(0.0:198): avc:  denied  { read } for  comm="binder:559_7" name="expire_count" dev="sysfs" ino=61190 scontext=u:r:system_suspend:s0 tcontext=u:object_r:sysfs:s0 tclass=file permissive=0
05-21 22:51:35.324   559   559 I auditd  : type=1400 audit(0.0:199): avc:  denied  { read } for  comm="binder:559_7" name="prevent_suspend_time_ms" dev="sysfs" ino=61195 scontext=u:r:system_suspend:s0 tcontext=u:object_r:sysfs:s0 tclass=file permissive=0
05-21 22:51:35.324   559   559 I auditd  : type=1400 audit(0.0:200): avc:  denied  { read } for  comm="binder:559_7" name="wakeup_count" dev="sysfs" ino=61189 scontext=u:r:system_suspend:s0 tcontext=u:object_r:sysfs:s0 tclass=file permissive=0
05-21 22:51:35.352   559   559 I auditd  : type=1400 audit(0.0:201): avc:  denied  { read } for  comm="binder:559_7" name="name" dev="sysfs" ino=39086 scontext=u:r:system_suspend:s0 tcontext=u:object_r:sysfs:s0 tclass=file permissive=0
05-21 22:51:35.356   559   559 I auditd  : type=1400 audit(0.0:202): avc:  denied  { read } for  comm="binder:559_7" name="active_count" dev="sysfs" ino=39087 scontext=u:r:system_suspend:s0 tcontext=u:object_r:sysfs:s0 tclass=file permissive=0
05-21 22:51:35.356   559   559 I auditd  : type=1400 audit(0.0:203): avc:  denied  { read } for  comm="binder:559_7" name="last_change_ms" dev="sysfs" ino=39094 scontext=u:r:system_suspend:s0 tcontext=u:object_r:sysfs:s0 tclass=file permissive=0
05-21 22:51:35.356   559   559 I auditd  : type=1400 audit(0.0:204): avc:  denied  { read } for  comm="binder:559_7" name="max_time_ms" dev="sysfs" ino=39093 scontext=u:r:system_suspend:s0 tcontext=u:object_r:sysfs:s0 tclass=file permissive=0
05-21 22:51:35.356   559   559 I auditd  : type=1400 audit(0.0:205): avc:  denied  { read } for  comm="binder:559_7" name="total_time_ms" dev="sysfs" ino=39092 scontext=u:r:system_suspend:s0 tcontext=u:object_r:sysfs:s0 tclass=file permissive=0
05-21 22:51:35.356   559   559 I auditd  : type=1400 audit(0.0:206): avc:  denied  { read } for  comm="binder:559_7" name="active_time_ms" dev="sysfs" ino=39091 scontext=u:r:system_suspend:s0 tcontext=u:object_r:sysfs:s0 tclass=file permissive=0
05-21 22:51:35.356   559   559 I auditd  : type=1400 audit(0.0:207): avc:  denied  { read } for  comm="binder:559_7" name="event_count" dev="sysfs" ino=39088 scontext=u:r:system_suspend:s0 tcontext=u:object_r:sysfs:s0 tclass=file permissive=0
05-21 22:51:35.356   559   559 I auditd  : type=1400 audit(0.0:208): avc:  denied  { read } for  comm="binder:559_7" name="expire_count" dev="sysfs" ino=39090 scontext=u:r:system_suspend:s0 tcontext=u:object_r:sysfs:s0 tclass=file permissive=0
05-21 22:51:35.356   559   559 I auditd  : type=1400 audit(0.0:209): avc:  denied  { read } for  comm="binder:559_7" name="prevent_suspend_time_ms" dev="sysfs" ino=39095 scontext=u:r:system_suspend:s0 tcontext=u:object_r:sysfs:s0 tclass=file permissive=0
05-21 22:51:35.356   559   559 I auditd  : type=1400 audit(0.0:210): avc:  denied  { read } for  comm="binder:559_7" name="wakeup_count" dev="sysfs" ino=39089 scontext=u:r:system_suspend:s0 tcontext=u:object_r:sysfs:s0 tclass=file permissive=0
05-21 22:51:35.356   559   559 I auditd  : type=1400 audit(0.0:211): avc:  denied  { read } for  comm="binder:559_7" name="name" dev="sysfs" ino=92093 scontext=u:r:system_suspend:s0 tcontext=u:object_r:sysfs:s0 tclass=file permissive=0
05-21 22:51:35.356   559   559 I auditd  : type=1400 audit(0.0:212): avc:  denied  { read } for  comm="binder:559_7" name="active_count" dev="sysfs" ino=92094 scontext=u:r:system_suspend:s0 tcontext=u:object_r:sysfs:s0 tclass=file permissive=0
05-21 22:51:35.356   559   559 I auditd  : type=1400 audit(0.0:213): avc:  denied  { read } for  comm="binder:559_7" name="last_change_ms" dev="sysfs" ino=92101 scontext=u:r:system_suspend:s0 tcontext=u:object_r:sysfs:s0 tclass=file permissive=0
05-21 22:51:35.356   559   559 I auditd  : type=1400 audit(0.0:214): avc:  denied  { read } for  comm="binder:559_7" name="max_time_ms" dev="sysfs" ino=92100 scontext=u:r:system_suspend:s0 tcontext=u:object_r:sysfs:s0 tclass=file permissive=0
05-21 22:51:35.356   559   559 I auditd  : type=1400 audit(0.0:215): avc:  denied  { read } for  comm="binder:559_7" name="total_time_ms" dev="sysfs" ino=92099 scontext=u:r:system_suspend:s0 tcontext=u:object_r:sysfs:s0 tclass=file permissive=0
05-21 22:51:35.356   559   559 I auditd  : type=1400 audit(0.0:216): avc:  denied  { read } for  comm="binder:559_7" name="active_time_ms" dev="sysfs" ino=92098 scontext=u:r:system_suspend:s0 tcontext=u:object_r:sysfs:s0 tclass=file permissive=0
05-21 22:51:35.356   559   559 I auditd  : type=1400 audit(0.0:217): avc:  denied  { read } for  comm="binder:559_7" name="event_count" dev="sysfs" ino=92095 scontext=u:r:system_suspend:s0 tcontext=u:object_r:sysfs:s0 tclass=file permissive=0
05-21 22:51:35.356   559   559 I auditd  : type=1400 audit(0.0:218): avc:  denied  { read } for  comm="binder:559_7" name="expire_count" dev="sysfs" ino=92097 scontext=u:r:system_suspend:s0 tcontext=u:object_r:sysfs:s0 tclass=file permissive=0
05-21 22:51:35.356   559   559 I auditd  : type=1400 audit(0.0:219): avc:  denied  { read } for  comm="binder:559_7" name="prevent_suspend_time_ms" dev="sysfs" ino=92102 scontext=u:r:system_suspend:s0 tcontext=u:object_r:sysfs:s0 tclass=file permissive=0
05-21 22:51:35.356   559   559 I auditd  : type=1400 audit(0.0:220): avc:  denied  { read } for  comm="binder:559_7" name="wakeup_count" dev="sysfs" ino=92096 scontext=u:r:system_suspend:s0 tcontext=u:object_r:sysfs:s0 tclass=file permissive=0
05-21 22:51:35.356   559   559 I auditd  : type=1400 audit(0.0:221): avc:  denied  { read } for  comm="binder:559_7" name="name" dev="sysfs" ino=67278 scontext=u:r:system_suspend:s0 tcontext=u:object_r:sysfs:s0 tclass=file permissive=0
05-21 22:51:35.356   559   559 I auditd  : type=1400 audit(0.0:222): avc:  denied  { read } for  comm="binder:559_7" name="active_count" dev="sysfs" ino=67279 scontext=u:r:system_suspend:s0 tcontext=u:object_r:sysfs:s0 tclass=file permissive=0
05-21 22:51:35.356   559   559 I auditd  : type=1400 audit(0.0:223): avc:  denied  { read } for  comm="binder:559_7" name="last_change_ms" dev="sysfs" ino=67286 scontext=u:r:system_suspend:s0 tcontext=u:object_r:sysfs:s0 tclass=file permissive=0
05-21 22:51:35.356   559   559 I auditd  : type=1400 audit(0.0:224): avc:  denied  { read } for  comm="binder:559_7" name="max_time_ms" dev="sysfs" ino=67285 scontext=u:r:system_suspend:s0 tcontext=u:object_r:sysfs:s0 tclass=file permissive=0
05-21 22:51:35.356   559   559 I auditd  : type=1400 audit(0.0:225): avc:  denied  { read } for  comm="binder:559_7" name="total_time_ms" dev="sysfs" ino=67284 scontext=u:r:system_suspend:s0 tcontext=u:object_r:sysfs:s0 tclass=file permissive=0
05-21 22:51:35.356   559   559 I auditd  : type=1400 audit(0.0:226): avc:  denied  { read } for  comm="binder:559_7" name="active_time_ms" dev="sysfs" ino=67283 scontext=u:r:system_suspend:s0 tcontext=u:object_r:sysfs:s0 tclass=file permissive=0
05-21 22:51:35.356   559   559 I auditd  : type=1400 audit(0.0:227): avc:  denied  { read } for  comm="binder:559_7" name="event_count" dev="sysfs" ino=67280 scontext=u:r:system_suspend:s0 tcontext=u:object_r:sysfs:s0 tclass=file permissive=0
05-21 22:51:35.356   559   559 I auditd  : type=1400 audit(0.0:228): avc:  denied  { read } for  comm="binder:559_7" name="expire_count" dev="sysfs" ino=67282 scontext=u:r:system_suspend:s0 tcontext=u:object_r:sysfs:s0 tclass=file permissive=0
05-21 22:51:35.356   559   559 I auditd  : type=1400 audit(0.0:229): avc:  denied  { read } for  comm="binder:559_7" name="prevent_suspend_time_ms" dev="sysfs" ino=67287 scontext=u:r:system_suspend:s0 tcontext=u:object_r:sysfs:s0 tclass=file permissive=0
05-21 22:51:35.356   559   559 I auditd  : type=1400 audit(0.0:230): avc:  denied  { read } for  comm="binder:559_7" name="wakeup_count" dev="sysfs" ino=67281 scontext=u:r:system_suspend:s0 tcontext=u:object_r:sysfs:s0 tclass=file permissive=0
05-21 22:51:35.356   559   559 I auditd  : type=1400 audit(0.0:231): avc:  denied  { read } for  comm="binder:559_7" name="name" dev="sysfs" ino=84765 scontext=u:r:system_suspend:s0 tcontext=u:object_r:sysfs:s0 tclass=file permissive=0
05-21 22:51:35.356   559   559 I auditd  : type=1400 audit(0.0:232): avc:  denied  { read } for  comm="binder:559_7" name="active_count" dev="sysfs" ino=84766 scontext=u:r:system_suspend:s0 tcontext=u:object_r:sysfs:s0 tclass=file permissive=0
05-21 22:51:35.356   559   559 I auditd  : type=1400 audit(0.0:233): avc:  denied  { read } for  comm="binder:559_7" name="last_change_ms" dev="sysfs" ino=84773 scontext=u:r:system_suspend:s0 tcontext=u:object_r:sysfs:s0 tclass=file permissive=0
05-21 22:51:35.356   559   559 I auditd  : type=1400 audit(0.0:234): avc:  denied  { read } for  comm="binder:559_7" name="max_time_ms" dev="sysfs" ino=84772 scontext=u:r:system_suspend:s0 tcontext=u:object_r:sysfs:s0 tclass=file permissive=0
05-21 22:51:35.356   559   559 I auditd  : type=1400 audit(0.0:235): avc:  denied  { read } for  comm="binder:559_7" name="total_time_ms" dev="sysfs" ino=84771 scontext=u:r:system_suspend:s0 tcontext=u:object_r:sysfs:s0 tclass=file permissive=0
05-21 22:51:35.356   559   559 I auditd  : type=1400 audit(0.0:236): avc:  denied  { read } for  comm="binder:559_7" name="active_time_ms" dev="sysfs" ino=84770 scontext=u:r:system_suspend:s0 tcontext=u:object_r:sysfs:s0 tclass=file permissive=0
05-21 22:51:35.356   559   559 I auditd  : type=1400 audit(0.0:237): avc:  denied  { read } for  comm="binder:559_7" name="event_count" dev="sysfs" ino=84767 scontext=u:r:system_suspend:s0 tcontext=u:object_r:sysfs:s0 tclass=file permissive=0
05-21 22:51:35.356   559   559 I auditd  : type=1400 audit(0.0:238): avc:  denied  { read } for  comm="binder:559_7" name="expire_count" dev="sysfs" ino=84769 scontext=u:r:system_suspend:s0 tcontext=u:object_r:sysfs:s0 tclass=file permissive=0
05-21 22:51:35.356   559   559 I auditd  : type=1400 audit(0.0:239): avc:  denied  { read } for  comm="binder:559_7" name="prevent_suspend_time_ms" dev="sysfs" ino=84774 scontext=u:r:system_suspend:s0 tcontext=u:object_r:sysfs:s0 tclass=file permissive=0
05-21 22:51:35.356   559   559 I auditd  : type=1400 audit(0.0:240): avc:  denied  { read } for  comm="binder:559_7" name="wakeup_count" dev="sysfs" ino=84768 scontext=u:r:system_suspend:s0 tcontext=u:object_r:sysfs:s0 tclass=file permissive=0
05-21 22:51:35.360   559   559 I auditd  : type=1400 audit(0.0:241): avc:  denied  { read } for  comm="binder:559_7" name="name" dev="sysfs" ino=61161 scontext=u:r:system_suspend:s0 tcontext=u:object_r:sysfs:s0 tclass=file permissive=0
05-21 22:51:35.360   559   559 I auditd  : type=1400 audit(0.0:242): avc:  denied  { read } for  comm="binder:559_7" name="active_count" dev="sysfs" ino=61162 scontext=u:r:system_suspend:s0 tcontext=u:object_r:sysfs:s0 tclass=file permissive=0
05-21 22:51:35.360   559   559 I auditd  : type=1400 audit(0.0:243): avc:  denied  { read } for  comm="binder:559_7" name="last_change_ms" dev="sysfs" ino=61169 scontext=u:r:system_suspend:s0 tcontext=u:object_r:sysfs:s0 tclass=file permissive=0
05-21 22:51:35.360   559   559 I auditd  : type=1400 audit(0.0:244): avc:  denied  { read } for  comm="binder:559_7" name="max_time_ms" dev="sysfs" ino=61168 scontext=u:r:system_suspend:s0 tcontext=u:object_r:sysfs:s0 tclass=file permissive=0
05-21 22:51:35.360   559   559 I auditd  : type=1400 audit(0.0:245): avc:  denied  { read } for  comm="binder:559_7" name="total_time_ms" dev="sysfs" ino=61167 scontext=u:r:system_suspend:s0 tcontext=u:object_r:sysfs:s0 tclass=file permissive=0
05-21 22:51:35.360   559   559 I auditd  : type=1400 audit(0.0:246): avc:  denied  { read } for  comm="binder:559_7" name="active_time_ms" dev="sysfs" ino=61166 scontext=u:r:system_suspend:s0 tcontext=u:object_r:sysfs:s0 tclass=file permissive=0
05-21 22:51:35.360   559   559 I auditd  : type=1400 audit(0.0:247): avc:  denied  { read } for  comm="binder:559_7" name="event_count" dev="sysfs" ino=61163 scontext=u:r:system_suspend:s0 tcontext=u:object_r:sysfs:s0 tclass=file permissive=0
05-21 22:51:35.360   559   559 I auditd  : type=1400 audit(0.0:248): avc:  denied  { read } for  comm="binder:559_7" name="expire_count" dev="sysfs" ino=61165 scontext=u:r:system_suspend:s0 tcontext=u:object_r:sysfs:s0 tclass=file permissive=0
05-21 22:51:35.360   559   559 I auditd  : type=1400 audit(0.0:249): avc:  denied  { read } for  comm="binder:559_7" name="prevent_suspend_time_ms" dev="sysfs" ino=61170 scontext=u:r:system_suspend:s0 tcontext=u:object_r:sysfs:s0 tclass=file permissive=0
05-21 22:51:35.360   559   559 I auditd  : type=1400 audit(0.0:250): avc:  denied  { read } for  comm="binder:559_7" name="wakeup_count" dev="sysfs" ino=61164 scontext=u:r:system_suspend:s0 tcontext=u:object_r:sysfs:s0 tclass=file permissive=0
05-21 22:51:35.360   559   559 I auditd  : type=1400 audit(0.0:251): avc:  denied  { read } for  comm="binder:559_7" name="name" dev="sysfs" ino=66912 scontext=u:r:system_suspend:s0 tcontext=u:object_r:sysfs:s0 tclass=file permissive=0
05-21 22:51:35.360   559   559 I auditd  : type=1400 audit(0.0:252): avc:  denied  { read } for  comm="binder:559_7" name="active_count" dev="sysfs" ino=66913 scontext=u:r:system_suspend:s0 tcontext=u:object_r:sysfs:s0 tclass=file permissive=0
05-21 22:51:35.360   559   559 I auditd  : type=1400 audit(0.0:253): avc:  denied  { read } for  comm="binder:559_7" name="last_change_ms" dev="sysfs" ino=66920 scontext=u:r:system_suspend:s0 tcontext=u:object_r:sysfs:s0 tclass=file permissive=0
05-21 22:51:35.360   559   559 I auditd  : type=1400 audit(0.0:254): avc:  denied  { read } for  comm="binder:559_7" name="max_time_ms" dev="sysfs" ino=66919 scontext=u:r:system_suspend:s0 tcontext=u:object_r:sysfs:s0 tclass=file permissive=0
05-21 22:51:35.360   559   559 I auditd  : type=1400 audit(0.0:255): avc:  denied  { read } for  comm="binder:559_7" name="total_time_ms" dev="sysfs" ino=66918 scontext=u:r:system_suspend:s0 tcontext=u:object_r:sysfs:s0 tclass=file permissive=0
05-21 22:51:35.360   559   559 I auditd  : type=1400 audit(0.0:256): avc:  denied  { read } for  comm="binder:559_7" name="active_time_ms" dev="sysfs" ino=66917 scontext=u:r:system_suspend:s0 tcontext=u:object_r:sysfs:s0 tclass=file permissive=0
05-21 22:51:35.360   559   559 I auditd  : type=1400 audit(0.0:257): avc:  denied  { read } for  comm="binder:559_7" name="event_count" dev="sysfs" ino=66914 scontext=u:r:system_suspend:s0 tcontext=u:object_r:sysfs:s0 tclass=file permissive=0
05-21 22:51:35.360   559   559 I auditd  : type=1400 audit(0.0:258): avc:  denied  { read } for  comm="binder:559_7" name="expire_count" dev="sysfs" ino=66916 scontext=u:r:system_suspend:s0 tcontext=u:object_r:sysfs:s0 tclass=file permissive=0
05-21 22:51:35.360   559   559 I auditd  : type=1400 audit(0.0:259): avc:  denied  { read } for  comm="binder:559_7" name="prevent_suspend_time_ms" dev="sysfs" ino=66921 scontext=u:r:system_suspend:s0 tcontext=u:object_r:sysfs:s0 tclass=file permissive=0
05-21 22:51:35.360   559   559 I auditd  : type=1400 audit(0.0:260): avc:  denied  { read } for  comm="binder:559_7" name="wakeup_count" dev="sysfs" ino=66915 scontext=u:r:system_suspend:s0 tcontext=u:object_r:sysfs:s0 tclass=file permissive=0
05-21 22:51:35.364   559   559 I auditd  : type=1400 audit(0.0:261): avc:  denied  { read } for  comm="binder:559_7" name="name" dev="sysfs" ino=84728 scontext=u:r:system_suspend:s0 tcontext=u:object_r:sysfs:s0 tclass=file permissive=0
05-21 22:51:35.364   559   559 I auditd  : type=1400 audit(0.0:262): avc:  denied  { read } for  comm="binder:559_7" name="active_count" dev="sysfs" ino=84729 scontext=u:r:system_suspend:s0 tcontext=u:object_r:sysfs:s0 tclass=file permissive=0
05-21 22:51:35.364   559   559 I auditd  : type=1400 audit(0.0:263): avc:  denied  { read } for  comm="binder:559_7" name="last_change_ms" dev="sysfs" ino=84736 scontext=u:r:system_suspend:s0 tcontext=u:object_r:sysfs:s0 tclass=file permissive=0
05-21 22:51:35.364   559   559 I auditd  : type=1400 audit(0.0:264): avc:  denied  { read } for  comm="binder:559_7" name="max_time_ms" dev="sysfs" ino=84735 scontext=u:r:system_suspend:s0 tcontext=u:object_r:sysfs:s0 tclass=file permissive=0
05-21 22:51:35.364   559   559 I auditd  : type=1400 audit(0.0:265): avc:  denied  { read } for  comm="binder:559_7" name="total_time_ms" dev="sysfs" ino=84734 scontext=u:r:system_suspend:s0 tcontext=u:object_r:sysfs:s0 tclass=file permissive=0
05-21 22:51:35.364   559   559 I auditd  : type=1400 audit(0.0:266): avc:  denied  { read } for  comm="binder:559_7" name="active_time_ms" dev="sysfs" ino=84733 scontext=u:r:system_suspend:s0 tcontext=u:object_r:sysfs:s0 tclass=file permissive=0
05-21 22:51:35.364   559   559 I auditd  : type=1400 audit(0.0:267): avc:  denied  { read } for  comm="binder:559_7" name="event_count" dev="sysfs" ino=84730 scontext=u:r:system_suspend:s0 tcontext=u:object_r:sysfs:s0 tclass=file permissive=0
05-21 22:51:35.364   559   559 I auditd  : type=1400 audit(0.0:268): avc:  denied  { read } for  comm="binder:559_7" name="expire_count" dev="sysfs" ino=84732 scontext=u:r:system_suspend:s0 tcontext=u:object_r:sysfs:s0 tclass=file permissive=0
05-21 22:51:35.364   559   559 I auditd  : type=1400 audit(0.0:269): avc:  denied  { read } for  comm="binder:559_7" name="prevent_suspend_time_ms" dev="sysfs" ino=84737 scontext=u:r:system_suspend:s0 tcontext=u:object_r:sysfs:s0 tclass=file permissive=0
05-21 22:51:35.364   559   559 I auditd  : type=1400 audit(0.0:270): avc:  denied  { read } for  comm="binder:559_7" name="wakeup_count" dev="sysfs" ino=84731 scontext=u:r:system_suspend:s0 tcontext=u:object_r:sysfs:s0 tclass=file permissive=0
05-21 22:51:35.364   559   559 I auditd  : type=1400 audit(0.0:271): avc:  denied  { read } for  comm="binder:559_7" name="name" dev="sysfs" ino=61186 scontext=u:r:system_suspend:s0 tcontext=u:object_r:sysfs:s0 tclass=file permissive=0
05-21 22:51:35.364   559   559 I auditd  : type=1400 audit(0.0:272): avc:  denied  { read } for  comm="binder:559_7" name="active_count" dev="sysfs" ino=61187 scontext=u:r:system_suspend:s0 tcontext=u:object_r:sysfs:s0 tclass=file permissive=0
05-21 22:51:35.364   559   559 I auditd  : type=1400 audit(0.0:273): avc:  denied  { read } for  comm="binder:559_7" name="last_change_ms" dev="sysfs" ino=61194 scontext=u:r:system_suspend:s0 tcontext=u:object_r:sysfs:s0 tclass=file permissive=0
05-21 22:51:35.364   559   559 I auditd  : type=1400 audit(0.0:274): avc:  denied  { read } for  comm="binder:559_7" name="max_time_ms" dev="sysfs" ino=61193 scontext=u:r:system_suspend:s0 tcontext=u:object_r:sysfs:s0 tclass=file permissive=0
05-21 22:51:35.364   559   559 I auditd  : type=1400 audit(0.0:275): avc:  denied  { read } for  comm="binder:559_7" name="total_time_ms" dev="sysfs" ino=61192 scontext=u:r:system_suspend:s0 tcontext=u:object_r:sysfs:s0 tclass=file permissive=0
05-21 22:51:35.364   559   559 I auditd  : type=1400 audit(0.0:276): avc:  denied  { read } for  comm="binder:559_7" name="active_time_ms" dev="sysfs" ino=61191 scontext=u:r:system_suspend:s0 tcontext=u:object_r:sysfs:s0 tclass=file permissive=0
05-21 22:51:35.364   559   559 I auditd  : type=1400 audit(0.0:277): avc:  denied  { read } for  comm="binder:559_7" name="event_count" dev="sysfs" ino=61188 scontext=u:r:system_suspend:s0 tcontext=u:object_r:sysfs:s0 tclass=file permissive=0
05-21 22:51:35.364   559   559 I auditd  : type=1400 audit(0.0:278): avc:  denied  { read } for  comm="binder:559_7" name="expire_count" dev="sysfs" ino=61190 scontext=u:r:system_suspend:s0 tcontext=u:object_r:sysfs:s0 tclass=file permissive=0
05-21 22:51:35.364   559   559 I auditd  : type=1400 audit(0.0:279): avc:  denied  { read } for  comm="binder:559_7" name="prevent_suspend_time_ms" dev="sysfs" ino=61195 scontext=u:r:system_suspend:s0 tcontext=u:object_r:sysfs:s0 tclass=file permissive=0
05-21 22:51:35.364   559   559 I auditd  : type=1400 audit(0.0:280): avc:  denied  { read } for  comm="binder:559_7" name="wakeup_count" dev="sysfs" ino=61189 scontext=u:r:system_suspend:s0 tcontext=u:object_r:sysfs:s0 tclass=file permissive=0
05-21 22:51:35.372   814   814 I auditd  : type=1400 audit(0.0:281): avc:  denied  { open } for  comm="android.hardwar" path="/sys/devices/platform/soc/11017000.i2c/i2c-5/5-006a/power_supply/5-006a/type" dev="sysfs" ino=61137 scontext=u:r:hal_health_default:s0 tcontext=u:object_r:sysfs:s0 tclass=file permissive=0
05-21 22:51:38.460   965   965 I auditd  : type=1400 audit(0.0:282): avc:  denied  { search } for  comm="android.hardwar" name="udc" dev="sysfs" ino=23065 scontext=u:r:mtk_hal_usb:s0 tcontext=u:object_r:sysfs_udc:s0 tclass=dir permissive=0
05-21 22:51:39.125   349   349 I auditd  : avc:  denied  { find } for pid=587 uid=0 name=android.hardware.thermal.IThermal/default scontext=u:r:hal_power_default:s0 tcontext=u:object_r:hal_thermal_service:s0 tclass=service_manager permissive=0
05-21 22:51:40.332   965   965 I auditd  : type=1400 audit(0.0:283): avc:  denied  { search } for  comm="android.hardwar" name="udc" dev="sysfs" ino=23065 scontext=u:r:mtk_hal_usb:s0 tcontext=u:object_r:sysfs_udc:s0 tclass=dir permissive=0
05-21 22:51:40.764  1993  1993 I auditd  : type=1400 audit(0.0:284): avc:  denied  { read } for  comm="ndroid.systemui" name="u:object_r:usb_uvc_enabled_prop:s0" dev="tmpfs" ino=503 scontext=u:r:platform_app:s0:c512,c768 tcontext=u:object_r:usb_uvc_enabled_prop:s0 tclass=file permissive=0 app=com.android.systemui
05-21 22:51:40.808   979   979 I auditd  : type=1400 audit(0.0:285): avc:  denied  { read } for  comm="binder:979_1" name="u:object_r:vendor_default_prop:s0" dev="tmpfs" ino=517 scontext=u:r:mediaserver:s0 tcontext=u:object_r:vendor_default_prop:s0 tclass=file permissive=0
05-21 22:51:40.924  1993  1993 I auditd  : type=1400 audit(0.0:286): avc:  denied  { read } for  comm="ndroid.systemui" name="u:object_r:usb_uvc_enabled_prop:s0" dev="tmpfs" ino=503 scontext=u:r:platform_app:s0:c512,c768 tcontext=u:object_r:usb_uvc_enabled_prop:s0 tclass=file permissive=0 app=com.android.systemui
05-21 22:51:41.212  2781  2781 I auditd  : type=1400 audit(0.0:287): avc:  denied  { search } for  comm="fsck.exfat" name="mmc0" dev="sysfs" ino=58865 scontext=u:r:fsck_untrusted:s0 tcontext=u:object_r:sysfs_devices_block:s0 tclass=dir permissive=0
05-21 22:51:41.212  2781  2781 I auditd  : type=1400 audit(0.0:288): avc:  denied  { ioctl } for  comm="fsck.exfat" path="/dev/block/vold/public:179,1" dev="tmpfs" ino=1611 ioctlcmd=0x127b scontext=u:r:fsck_untrusted:s0 tcontext=u:object_r:vold_device:s0 tclass=blk_file permissive=0
05-21 22:51:48.276   965   965 I auditd  : type=1400 audit(0.0:289): avc:  denied  { search } for  comm="android.hardwar" name="udc" dev="sysfs" ino=23065 scontext=u:r:mtk_hal_usb:s0 tcontext=u:object_r:sysfs_udc:s0 tclass=dir permissive=0
05-21 22:51:48.513   349   349 I auditd  : avc:  denied  { find } for pid=3351 uid=10269 name=netstats scontext=u:r:em_app:s0:c512,c768 tcontext=u:object_r:netstats_service:s0 tclass=service_manager permissive=0
05-21 22:51:48.537   349   349 I auditd  : avc:  denied  { find } for pid=3351 uid=10269 name=content_capture scontext=u:r:em_app:s0:c512,c768 tcontext=u:object_r:content_capture_service:s0 tclass=service_manager permissive=0
05-21 22:51:51.024   349   349 I auditd  : avc:  denied  { find } for pid=2593 uid=10277 name=isub scontext=u:r:mediaprovider_app:s0:c21,c257,c512,c768 tcontext=u:object_r:radio_service:s0 tclass=service_manager permissive=0
05-21 22:51:51.025   349   349 I auditd  : avc:  denied  { find } for pid=2593 uid=10277 name=isub scontext=u:r:mediaprovider_app:s0:c21,c257,c512,c768 tcontext=u:object_r:radio_service:s0 tclass=service_manager permissive=0
05-21 22:51:51.064   349   349 I auditd  : avc:  denied  { find } for pid=2593 uid=10277 name=isub scontext=u:r:mediaprovider_app:s0:c21,c257,c512,c768 tcontext=u:object_r:radio_service:s0 tclass=service_manager permissive=0
05-21 22:51:51.065   349   349 I auditd  : avc:  denied  { find } for pid=2593 uid=10277 name=isub scontext=u:r:mediaprovider_app:s0:c21,c257,c512,c768 tcontext=u:object_r:radio_service:s0 tclass=service_manager permissive=0
05-21 22:51:51.080   349   349 I auditd  : avc:  denied  { find } for pid=2593 uid=10277 name=isub scontext=u:r:mediaprovider_app:s0:c21,c257,c512,c768 tcontext=u:object_r:radio_service:s0 tclass=service_manager permissive=0
05-21 22:51:51.080   349   349 I auditd  : avc:  denied  { find } for pid=2593 uid=10277 name=isub scontext=u:r:mediaprovider_app:s0:c21,c257,c512,c768 tcontext=u:object_r:radio_service:s0 tclass=service_manager permissive=0
05-21 22:51:56.236  1482  1482 I auditd  : type=1400 audit(0.0:290): avc:  denied  { read } for  comm="watchdog" name="transactions" dev="binder" ino=1048587 scontext=u:r:system_server:s0 tcontext=u:object_r:binderfs_logs_transactions:s0 tclass=file permissive=0
05-21 22:51:56.612  1482  1482 I auditd  : type=1400 audit(0.0:291): avc:  denied  { read } for  comm="watchdog" name="transactions" dev="binder" ino=1048587 scontext=u:r:system_server:s0 tcontext=u:object_r:binderfs_logs_transactions:s0 tclass=file permissive=0
05-21 22:51:56.692  1482  1482 I auditd  : type=1400 audit(0.0:292): avc:  denied  { read } for  comm="watchdog" name="transactions" dev="binder" ino=1048587 scontext=u:r:system_server:s0 tcontext=u:object_r:binderfs_logs_transactions:s0 tclass=file permissive=0
05-21 22:51:56.892  1482  1482 I auditd  : type=1400 audit(0.0:293): avc:  denied  { read } for  comm="watchdog" name="transactions" dev="binder" ino=1048587 scontext=u:r:system_server:s0 tcontext=u:object_r:binderfs_logs_transactions:s0 tclass=file permissive=0
05-21 22:51:56.956  1482  1482 I auditd  : type=1400 audit(0.0:294): avc:  denied  { read } for  comm="watchdog" name="transactions" dev="binder" ino=1048587 scontext=u:r:system_server:s0 tcontext=u:object_r:binderfs_logs_transactions:s0 tclass=file permissive=0
05-21 22:51:57.016  1482  1482 I auditd  : type=1400 audit(0.0:295): avc:  denied  { read } for  comm="watchdog" name="transactions" dev="binder" ino=1048587 scontext=u:r:system_server:s0 tcontext=u:object_r:binderfs_logs_transactions:s0 tclass=file permissive=0
05-21 22:51:57.060  1482  1482 I auditd  : type=1400 audit(0.0:296): avc:  denied  { read } for  comm="watchdog" name="transactions" dev="binder" ino=1048587 scontext=u:r:system_server:s0 tcontext=u:object_r:binderfs_logs_transactions:s0 tclass=file permissive=0
05-21 22:51:57.744  1482  1482 I auditd  : type=1400 audit(0.0:307): avc:  denied  { read } for  comm="watchdog" name="transactions" dev="binder" ino=1048587 scontext=u:r:system_server:s0 tcontext=u:object_r:binderfs_logs_transactions:s0 tclass=file permissive=0
05-21 22:51:57.912  1482  1482 I auditd  : type=1400 audit(0.0:308): avc:  denied  { read } for  comm="watchdog" name="transactions" dev="binder" ino=1048587 scontext=u:r:system_server:s0 tcontext=u:object_r:binderfs_logs_transactions:s0 tclass=file permissive=0
05-21 22:51:58.008  1482  1482 I auditd  : type=1400 audit(0.0:309): avc:  denied  { read } for  comm="watchdog" name="transactions" dev="binder" ino=1048587 scontext=u:r:system_server:s0 tcontext=u:object_r:binderfs_logs_transactions:s0 tclass=file permissive=0
05-21 22:51:58.064  1482  1482 I auditd  : type=1400 audit(0.0:310): avc:  denied  { read } for  comm="watchdog" name="transactions" dev="binder" ino=1048587 scontext=u:r:system_server:s0 tcontext=u:object_r:binderfs_logs_transactions:s0 tclass=file permissive=0
05-21 22:51:58.128  1482  1482 I auditd  : type=1400 audit(0.0:311): avc:  denied  { read } for  comm="watchdog" name="transactions" dev="binder" ino=1048587 scontext=u:r:system_server:s0 tcontext=u:object_r:binderfs_logs_transactions:s0 tclass=file permissive=0
05-21 22:52:17.604   965   965 I auditd  : type=1400 audit(0.0:324): avc:  denied  { search } for  comm="android.hardwar" name="udc" dev="sysfs" ino=23065 scontext=u:r:mtk_hal_usb:s0 tcontext=u:object_r:sysfs_udc:s0 tclass=dir permissive=0
05-21 22:52:18.524   965   965 I auditd  : type=1400 audit(0.0:325): avc:  denied  { search } for  comm="android.hardwar" name="udc" dev="sysfs" ino=23065 scontext=u:r:mtk_hal_usb:s0 tcontext=u:object_r:sysfs_udc:s0 tclass=dir permissive=0
05-21 22:52:58.948   965   965 I auditd  : type=1400 audit(0.0:326): avc:  denied  { search } for  comm="android.hardwar" name="udc" dev="sysfs" ino=23065 scontext=u:r:mtk_hal_usb:s0 tcontext=u:object_r:sysfs_udc:s0 tclass=dir permissive=0
05-21 22:53:30.060   559   559 I auditd  : type=1400 audit(0.0:327): avc:  denied  { read } for  comm="binder:559_1" name="name" dev="sysfs" ino=39086 scontext=u:r:system_suspend:s0 tcontext=u:object_r:sysfs:s0 tclass=file permissive=0
05-21 22:53:30.064   559   559 I auditd  : type=1400 audit(0.0:328): avc:  denied  { read } for  comm="binder:559_1" name="active_count" dev="sysfs" ino=39087 scontext=u:r:system_suspend:s0 tcontext=u:object_r:sysfs:s0 tclass=file permissive=0
05-21 22:53:30.064   559   559 I auditd  : type=1400 audit(0.0:329): avc:  denied  { read } for  comm="binder:559_1" name="last_change_ms" dev="sysfs" ino=39094 scontext=u:r:system_suspend:s0 tcontext=u:object_r:sysfs:s0 tclass=file permissive=0
05-21 22:53:30.064   559   559 I auditd  : type=1400 audit(0.0:330): avc:  denied  { read } for  comm="binder:559_1" name="max_time_ms" dev="sysfs" ino=39093 scontext=u:r:system_suspend:s0 tcontext=u:object_r:sysfs:s0 tclass=file permissive=0
05-21 22:53:30.064   559   559 I auditd  : type=1400 audit(0.0:331): avc:  denied  { read } for  comm="binder:559_1" name="total_time_ms" dev="sysfs" ino=39092 scontext=u:r:system_suspend:s0 tcontext=u:object_r:sysfs:s0 tclass=file permissive=0
05-21 22:53:30.064   559   559 I auditd  : type=1400 audit(0.0:332): avc:  denied  { read } for  comm="binder:559_1" name="active_time_ms" dev="sysfs" ino=39091 scontext=u:r:system_suspend:s0 tcontext=u:object_r:sysfs:s0 tclass=file permissive=0
05-21 22:53:30.064   559   559 I auditd  : type=1400 audit(0.0:333): avc:  denied  { read } for  comm="binder:559_1" name="event_count" dev="sysfs" ino=39088 scontext=u:r:system_suspend:s0 tcontext=u:object_r:sysfs:s0 tclass=file permissive=0
05-21 22:53:32.124   559   559 I auditd  : type=1400 audit(0.0:489): avc:  denied  { read } for  comm="binder:559_4" name="name" dev="sysfs" ino=39086 scontext=u:r:system_suspend:s0 tcontext=u:object_r:sysfs:s0 tclass=file permissive=0
05-21 22:53:32.124   559   559 I auditd  : type=1400 audit(0.0:490): avc:  denied  { read } for  comm="binder:559_4" name="active_count" dev="sysfs" ino=39087 scontext=u:r:system_suspend:s0 tcontext=u:object_r:sysfs:s0 tclass=file permissive=0
05-21 22:53:32.124   559   559 I auditd  : type=1400 audit(0.0:491): avc:  denied  { read } for  comm="binder:559_4" name="last_change_ms" dev="sysfs" ino=39094 scontext=u:r:system_suspend:s0 tcontext=u:object_r:sysfs:s0 tclass=file permissive=0
05-21 22:53:32.124   559   559 I auditd  : type=1400 audit(0.0:492): avc:  denied  { read } for  comm="binder:559_4" name="max_time_ms" dev="sysfs" ino=39093 scontext=u:r:system_suspend:s0 tcontext=u:object_r:sysfs:s0 tclass=file permissive=0
05-21 22:53:32.124   559   559 I auditd  : type=1400 audit(0.0:493): avc:  denied  { read } for  comm="binder:559_4" name="total_time_ms" dev="sysfs" ino=39092 scontext=u:r:system_suspend:s0 tcontext=u:object_r:sysfs:s0 tclass=file permissive=0
05-21 22:53:34.988   559   559 I auditd  : type=1400 audit(0.0:653): avc:  denied  { read } for  comm="binder:559_7" name="name" dev="sysfs" ino=39086 scontext=u:r:system_suspend:s0 tcontext=u:object_r:sysfs:s0 tclass=file permissive=0
05-21 22:53:34.988   559   559 I auditd  : type=1400 audit(0.0:654): avc:  denied  { read } for  comm="binder:559_7" name="active_count" dev="sysfs" ino=39087 scontext=u:r:system_suspend:s0 tcontext=u:object_r:sysfs:s0 tclass=file permissive=0
05-21 22:53:34.988   559   559 I auditd  : type=1400 audit(0.0:655): avc:  denied  { read } for  comm="binder:559_7" name="last_change_ms" dev="sysfs" ino=39094 scontext=u:r:system_suspend:s0 tcontext=u:object_r:sysfs:s0 tclass=file permissive=0
05-21 22:53:34.988   559   559 I auditd  : type=1400 audit(0.0:656): avc:  denied  { read } for  comm="binder:559_7" name="max_time_ms" dev="sysfs" ino=39093 scontext=u:r:system_suspend:s0 tcontext=u:object_r:sysfs:s0 tclass=file permissive=0
05-21 22:53:34.988   559   559 I auditd  : type=1400 audit(0.0:657): avc:  denied  { read } for  comm="binder:559_7" name="total_time_ms" dev="sysfs" ino=39092 scontext=u:r:system_suspend:s0 tcontext=u:object_r:sysfs:s0 tclass=file permissive=0
05-21 22:53:37.164   559   559 I auditd  : type=1400 audit(0.0:734): avc:  denied  { read } for  comm="binder:559_1" name="name" dev="sysfs" ino=39086 scontext=u:r:system_suspend:s0 tcontext=u:object_r:sysfs:s0 tclass=file permissive=0
05-21 22:53:37.164   559   559 I auditd  : type=1400 audit(0.0:735): avc:  denied  { read } for  comm="binder:559_1" name="active_count" dev="sysfs" ino=39087 scontext=u:r:system_suspend:s0 tcontext=u:object_r:sysfs:s0 tclass=file permissive=0
05-21 22:53:37.164   559   559 I auditd  : type=1400 audit(0.0:736): avc:  denied  { read } for  comm="binder:559_1" name="last_change_ms" dev="sysfs" ino=39094 scontext=u:r:system_suspend:s0 tcontext=u:object_r:sysfs:s0 tclass=file permissive=0
05-21 22:53:37.164   559   559 I auditd  : type=1400 audit(0.0:737): avc:  denied  { read } for  comm="binder:559_1" name="max_time_ms" dev="sysfs" ino=39093 scontext=u:r:system_suspend:s0 tcontext=u:object_r:sysfs:s0 tclass=file permissive=0
05-21 22:53:37.164   559   559 I auditd  : type=1400 audit(0.0:738): avc:  denied  { read } for  comm="binder:559_1" name="total_time_ms" dev="sysfs" ino=39092 scontext=u:r:system_suspend:s0 tcontext=u:object_r:sysfs:s0 tclass=file permissive=0
05-21 22:53:39.188   559   559 I auditd  : type=1400 audit(0.0:815): avc:  denied  { read } for  comm="binder:559_2" name="name" dev="sysfs" ino=39086 scontext=u:r:system_suspend:s0 tcontext=u:object_r:sysfs:s0 tclass=file permissive=0
05-21 22:53:39.188   559   559 I auditd  : type=1400 audit(0.0:816): avc:  denied  { read } for  comm="binder:559_2" name="active_count" dev="sysfs" ino=39087 scontext=u:r:system_suspend:s0 tcontext=u:object_r:sysfs:s0 tclass=file permissive=0
05-21 22:53:39.188   559   559 I auditd  : type=1400 audit(0.0:817): avc:  denied  { read } for  comm="binder:559_2" name="last_change_ms" dev="sysfs" ino=39094 scontext=u:r:system_suspend:s0 tcontext=u:object_r:sysfs:s0 tclass=file permissive=0
05-21 22:53:39.188   559   559 I auditd  : type=1400 audit(0.0:818): avc:  denied  { read } for  comm="binder:559_2" name="max_time_ms" dev="sysfs" ino=39093 scontext=u:r:system_suspend:s0 tcontext=u:object_r:sysfs:s0 tclass=file permissive=0
05-21 22:53:39.188   559   559 I auditd  : type=1400 audit(0.0:819): avc:  denied  { read } for  comm="binder:559_2" name="total_time_ms" dev="sysfs" ino=39092 scontext=u:r:system_suspend:s0 tcontext=u:object_r:sysfs:s0 tclass=file permissive=0
05-21 22:53:41.532   559   559 I auditd  : type=1400 audit(0.0:896): avc:  denied  { read } for  comm="binder:559_4" name="name" dev="sysfs" ino=39086 scontext=u:r:system_suspend:s0 tcontext=u:object_r:sysfs:s0 tclass=file permissive=0
05-21 22:53:41.532   559   559 I auditd  : type=1400 audit(0.0:897): avc:  denied  { read } for  comm="binder:559_4" name="active_count" dev="sysfs" ino=39087 scontext=u:r:system_suspend:s0 tcontext=u:object_r:sysfs:s0 tclass=file permissive=0
05-21 22:53:41.532   559   559 I auditd  : type=1400 audit(0.0:898): avc:  denied  { read } for  comm="binder:559_4" name="last_change_ms" dev="sysfs" ino=39094 scontext=u:r:system_suspend:s0 tcontext=u:object_r:sysfs:s0 tclass=file permissive=0
05-21 22:53:41.532   559   559 I auditd  : type=1400 audit(0.0:899): avc:  denied  { read } for  comm="binder:559_4" name="max_time_ms" dev="sysfs" ino=39093 scontext=u:r:system_suspend:s0 tcontext=u:object_r:sysfs:s0 tclass=file permissive=0
05-21 22:53:41.532   559   559 I auditd  : type=1400 audit(0.0:900): avc:  denied  { read } for  comm="binder:559_4" name="total_time_ms" dev="sysfs" ino=39092 scontext=u:r:system_suspend:s0 tcontext=u:object_r:sysfs:s0 tclass=file permissive=0
05-21 22:54:20.852   559   559 I auditd  : type=1400 audit(0.0:977): avc:  denied  { read } for  comm="binder:559_4" name="name" dev="sysfs" ino=39086 scontext=u:r:system_suspend:s0 tcontext=u:object_r:sysfs:s0 tclass=file permissive=0
05-21 22:54:20.852   559   559 I auditd  : type=1400 audit(0.0:978): avc:  denied  { read } for  comm="binder:559_4" name="active_count" dev="sysfs" ino=39087 scontext=u:r:system_suspend:s0 tcontext=u:object_r:sysfs:s0 tclass=file permissive=0
05-21 22:54:20.852   559   559 I auditd  : type=1400 audit(0.0:979): avc:  denied  { read } for  comm="binder:559_4" name="last_change_ms" dev="sysfs" ino=39094 scontext=u:r:system_suspend:s0 tcontext=u:object_r:sysfs:s0 tclass=file permissive=0
05-21 22:54:20.852   559   559 I auditd  : type=1400 audit(0.0:980): avc:  denied  { read } for  comm="binder:559_4" name="max_time_ms" dev="sysfs" ino=39093 scontext=u:r:system_suspend:s0 tcontext=u:object_r:sysfs:s0 tclass=file permissive=0
05-21 22:54:20.852   559   559 I auditd  : type=1400 audit(0.0:981): avc:  denied  { read } for  comm="binder:559_4" name="total_time_ms" dev="sysfs" ino=39092 scontext=u:r:system_suspend:s0 tcontext=u:object_r:sysfs:s0 tclass=file permissive=0
05-21 22:54:25.452  1993  1993 I auditd  : type=1400 audit(0.0:1059): avc:  denied  { search } for  comm="ndroid.systemui" name="thermal" dev="sysfs" ino=9042 scontext=u:r:platform_app:s0:c512,c768 tcontext=u:object_r:sysfs_therm:s0 tclass=dir permissive=0 app=com.android.systemui
05-21 22:54:26.576   814   814 I auditd  : type=1400 audit(0.0:1060): avc:  denied  { open } for  comm="android.hardwar" path="/sys/devices/platform/soc/11017000.i2c/i2c-5/5-006a/power_supply/5-006a/type" dev="sysfs" ino=61137 scontext=u:r:hal_health_default:s0 tcontext=u:object_r:sysfs:s0 tclass=file permissive=0
05-21 22:54:26.584   814   814 I auditd  : type=1400 audit(0.0:1061): avc:  denied  { open } for  comm="android.hardwar" path="/sys/devices/platform/soc/11017000.i2c/i2c-5/5-006a/power_supply/5-006a/type" dev="sysfs" ino=61137 scontext=u:r:hal_health_default:s0 tcontext=u:object_r:sysfs:s0 tclass=file permissive=0
05-21 22:54:26.632  1482  1482 I auditd  : type=1400 audit(0.0:1062): avc:  denied  { search } for  comm="CachedAppOptimi" name="irq" dev="proc" ino=4026531868 scontext=u:r:system_server:s0 tcontext=u:object_r:proc_irq:s0 tclass=dir permissive=0
05-21 22:54:26.632  1482  1482 I auditd  : type=1400 audit(0.0:1063): avc:  denied  { search } for  comm="CachedAppOptimi" name="tkcore" dev="proc" ino=4026532173 scontext=u:r:system_server:s0 tcontext=u:object_r:proc_tkcore:s0 tclass=dir permissive=0
05-21 22:54:26.636  1482  1482 I auditd  : type=1400 audit(0.0:1064): avc:  denied  { search } for  comm="CachedAppOptimi" name="dma_heap" dev="proc" ino=4026533840 scontext=u:r:system_server:s0 tcontext=u:object_r:proc_dmaheap:s0 tclass=dir permissive=0
05-21 22:54:52.028   559   559 I auditd  : type=1400 audit(0.0:1065): avc:  denied  { read } for  comm="binder:559_1" name="name" dev="sysfs" ino=39086 scontext=u:r:system_suspend:s0 tcontext=u:object_r:sysfs:s0 tclass=file permissive=0
05-21 22:54:52.032   559   559 I auditd  : type=1400 audit(0.0:1066): avc:  denied  { read } for  comm="binder:559_1" name="active_count" dev="sysfs" ino=39087 scontext=u:r:system_suspend:s0 tcontext=u:object_r:sysfs:s0 tclass=file permissive=0
05-21 22:54:52.032   559   559 I auditd  : type=1400 audit(0.0:1067): avc:  denied  { read } for  comm="binder:559_1" name="last_change_ms" dev="sysfs" ino=39094 scontext=u:r:system_suspend:s0 tcontext=u:object_r:sysfs:s0 tclass=file permissive=0
05-21 22:54:52.032   559   559 I auditd  : type=1400 audit(0.0:1068): avc:  denied  { read } for  comm="binder:559_1" name="max_time_ms" dev="sysfs" ino=39093 scontext=u:r:system_suspend:s0 tcontext=u:object_r:sysfs:s0 tclass=file permissive=0
05-21 22:54:52.032   559   559 I auditd  : type=1400 audit(0.0:1069): avc:  denied  { read } for  comm="binder:559_1" name="total_time_ms" dev="sysfs" ino=39092 scontext=u:r:system_suspend:s0 tcontext=u:object_r:sysfs:s0 tclass=file permissive=0
05-21 22:54:52.032   559   559 I auditd  : type=1400 audit(0.0:1070): avc:  denied  { read } for  comm="binder:559_1" name="active_time_ms" dev="sysfs" ino=39091 scontext=u:r:system_suspend:s0 tcontext=u:object_r:sysfs:s0 tclass=file permissive=0
05-21 22:54:52.032   559   559 I auditd  : type=1400 audit(0.0:1071): avc:  denied  { read } for  comm="binder:559_1" name="event_count" dev="sysfs" ino=39088 scontext=u:r:system_suspend:s0 tcontext=u:object_r:sysfs:s0 tclass=file permissive=0
05-21 22:54:52.032   559   559 I auditd  : type=1400 audit(0.0:1072): avc:  denied  { read } for  comm="binder:559_1" name="expire_count" dev="sysfs" ino=39090 scontext=u:r:system_suspend:s0 tcontext=u:object_r:sysfs:s0 tclass=file permissive=0
05-21 22:54:52.032   559   559 I auditd  : type=1400 audit(0.0:1073): avc:  denied  { read } for  comm="binder:559_1" name="prevent_suspend_time_ms" dev="sysfs" ino=39095 scontext=u:r:system_suspend:s0 tcontext=u:object_r:sysfs:s0 tclass=file permissive=0
05-21 22:55:27.332   559   559 I auditd  : type=1400 audit(0.0:1146): avc:  denied  { read } for  comm="binder:559_1" name="name" dev="sysfs" ino=39086 scontext=u:r:system_suspend:s0 tcontext=u:object_r:sysfs:s0 tclass=file permissive=0
05-21 22:55:27.332   559   559 I auditd  : type=1400 audit(0.0:1147): avc:  denied  { read } for  comm="binder:559_1" name="active_count" dev="sysfs" ino=39087 scontext=u:r:system_suspend:s0 tcontext=u:object_r:sysfs:s0 tclass=file permissive=0
05-21 22:55:27.332   559   559 I auditd  : type=1400 audit(0.0:1148): avc:  denied  { read } for  comm="binder:559_1" name="last_change_ms" dev="sysfs" ino=39094 scontext=u:r:system_suspend:s0 tcontext=u:object_r:sysfs:s0 tclass=file permissive=0
05-21 22:55:27.332   559   559 I auditd  : type=1400 audit(0.0:1149): avc:  denied  { read } for  comm="binder:559_1" name="max_time_ms" dev="sysfs" ino=39093 scontext=u:r:system_suspend:s0 tcontext=u:object_r:sysfs:s0 tclass=file permissive=0
05-21 22:55:27.332   559   559 I auditd  : type=1400 audit(0.0:1150): avc:  denied  { read } for  comm="binder:559_1" name="total_time_ms" dev="sysfs" ino=39092 scontext=u:r:system_suspend:s0 tcontext=u:object_r:sysfs:s0 tclass=file permissive=0
05-21 22:55:31.924  1993  1993 I auditd  : type=1400 audit(0.0:1228): avc:  denied  { search } for  comm="ndroid.systemui" name="thermal" dev="sysfs" ino=9042 scontext=u:r:platform_app:s0:c512,c768 tcontext=u:object_r:sysfs_therm:s0 tclass=dir permissive=0 app=com.android.systemui
05-21 22:55:36.956   559   559 I auditd  : type=1400 audit(0.0:1229): avc:  denied  { read } for  comm="suspend-service" name="name" dev="sysfs" ino=39086 scontext=u:r:system_suspend:s0 tcontext=u:object_r:sysfs:s0 tclass=file permissive=0
05-21 22:55:36.960   559   559 I auditd  : type=1400 audit(0.0:1230): avc:  denied  { read } for  comm="suspend-service" name="active_count" dev="sysfs" ino=39087 scontext=u:r:system_suspend:s0 tcontext=u:object_r:sysfs:s0 tclass=file permissive=0
05-21 22:55:36.960   559   559 I auditd  : type=1400 audit(0.0:1231): avc:  denied  { read } for  comm="suspend-service" name="last_change_ms" dev="sysfs" ino=39094 scontext=u:r:system_suspend:s0 tcontext=u:object_r:sysfs:s0 tclass=file permissive=0
05-21 22:55:36.960   559   559 I auditd  : type=1400 audit(0.0:1232): avc:  denied  { read } for  comm="suspend-service" name="max_time_ms" dev="sysfs" ino=39093 scontext=u:r:system_suspend:s0 tcontext=u:object_r:sysfs:s0 tclass=file permissive=0
05-21 22:55:36.960   559   559 I auditd  : type=1400 audit(0.0:1233): avc:  denied  { read } for  comm="suspend-service" name="total_time_ms" dev="sysfs" ino=39092 scontext=u:r:system_suspend:s0 tcontext=u:object_r:sysfs:s0 tclass=file permissive=0
05-21 22:55:36.960   559   559 I auditd  : type=1400 audit(0.0:1234): avc:  denied  { read } for  comm="suspend-service" name="active_time_ms" dev="sysfs" ino=39091 scontext=u:r:system_suspend:s0 tcontext=u:object_r:sysfs:s0 tclass=file permissive=0
05-21 22:55:36.960   559   559 I auditd  : type=1400 audit(0.0:1235): avc:  denied  { read } for  comm="suspend-service" name="event_count" dev="sysfs" ino=39088 scontext=u:r:system_suspend:s0 tcontext=u:object_r:sysfs:s0 tclass=file permissive=0
05-21 22:55:36.960   559   559 I auditd  : type=1400 audit(0.0:1236): avc:  denied  { read } for  comm="suspend-service" name="expire_count" dev="sysfs" ino=39090 scontext=u:r:system_suspend:s0 tcontext=u:object_r:sysfs:s0 tclass=file permissive=0
05-21 22:55:36.960   559   559 I auditd  : type=1400 audit(0.0:1237): avc:  denied  { read } for  comm="suspend-service" name="prevent_suspend_time_ms" dev="sysfs" ino=39095 scontext=u:r:system_suspend:s0 tcontext=u:object_r:sysfs:s0 tclass=file permissive=0
05-21 22:56:08.572  4136  4136 I auditd  : type=1400 audit(0.0:1310): avc:  denied  { read } for  comm="commands.monkey" name="u:object_r:qemu_sf_lcd_density_prop:s0" dev="tmpfs" ino=341 scontext=u:r:shell:s0 tcontext=u:object_r:qemu_sf_lcd_density_prop:s0 tclass=file permissive=0
05-21 22:56:08.572  4136  4136 I auditd  : type=1400 audit(0.0:1311): avc:  denied  { read } for  comm="commands.monkey" name="u:object_r:qemu_sf_lcd_density_prop:s0" dev="tmpfs" ino=341 scontext=u:r:shell:s0 tcontext=u:object_r:qemu_sf_lcd_density_prop:s0 tclass=file permissive=0
05-21 22:56:10.472  4136  4136 I auditd  : type=1400 audit(0.0:1312): avc:  denied  { write } for  comm="commands.monkey" name="event0" dev="tmpfs" ino=796 scontext=u:r:shell:s0 tcontext=u:object_r:input_device:s0 tclass=chr_file permissive=0
05-21 22:56:43.913   349   349 I auditd  : avc:  denied  { find } for pid=4532 uid=99000 name=content_capture scontext=u:r:isolated_app:s0:c512,c768 tcontext=u:object_r:content_capture_service:s0 tclass=service_manager permissive=0
05-21 22:56:58.592  1482  1482 I auditd  : type=1400 audit(0.0:1313): avc:  denied  { search } for  comm="CachedAppOptimi" name="irq" dev="proc" ino=4026531868 scontext=u:r:system_server:s0 tcontext=u:object_r:proc_irq:s0 tclass=dir permissive=0
05-21 22:56:58.592  1482  1482 I auditd  : type=1400 audit(0.0:1314): avc:  denied  { search } for  comm="CachedAppOptimi" name="tkcore" dev="proc" ino=4026532173 scontext=u:r:system_server:s0 tcontext=u:object_r:proc_tkcore:s0 tclass=dir permissive=0
05-21 22:56:58.592  1482  1482 I auditd  : type=1400 audit(0.0:1315): avc:  denied  { search } for  comm="CachedAppOptimi" name="dma_heap" dev="proc" ino=4026533840 scontext=u:r:system_server:s0 tcontext=u:object_r:proc_dmaheap:s0 tclass=dir permissive=0
05-21 22:57:37.636   559   559 I auditd  : type=1400 audit(0.0:1316): avc:  denied  { read } for  comm="binder:559_7" name="name" dev="sysfs" ino=39086 scontext=u:r:system_suspend:s0 tcontext=u:object_r:sysfs:s0 tclass=file permissive=0
05-21 22:57:37.636   559   559 I auditd  : type=1400 audit(0.0:1317): avc:  denied  { read } for  comm="binder:559_7" name="active_count" dev="sysfs" ino=39087 scontext=u:r:system_suspend:s0 tcontext=u:object_r:sysfs:s0 tclass=file permissive=0
05-21 22:57:37.636   559   559 I auditd  : type=1400 audit(0.0:1318): avc:  denied  { read } for  comm="binder:559_7" name="last_change_ms" dev="sysfs" ino=39094 scontext=u:r:system_suspend:s0 tcontext=u:object_r:sysfs:s0 tclass=file permissive=0
05-21 22:57:37.636   559   559 I auditd  : type=1400 audit(0.0:1319): avc:  denied  { read } for  comm="binder:559_7" name="max_time_ms" dev="sysfs" ino=39093 scontext=u:r:system_suspend:s0 tcontext=u:object_r:sysfs:s0 tclass=file permissive=0
05-21 22:57:37.636   559   559 I auditd  : type=1400 audit(0.0:1320): avc:  denied  { read } for  comm="binder:559_7" name="total_time_ms" dev="sysfs" ino=39092 scontext=u:r:system_suspend:s0 tcontext=u:object_r:sysfs:s0 tclass=file permissive=0
05-21 22:57:37.636   559   559 I auditd  : type=1400 audit(0.0:1321): avc:  denied  { read } for  comm="binder:559_7" name="active_time_ms" dev="sysfs" ino=39091 scontext=u:r:system_suspend:s0 tcontext=u:object_r:sysfs:s0 tclass=file permissive=0
05-21 22:57:37.636   559   559 I auditd  : type=1400 audit(0.0:1322): avc:  denied  { read } for  comm="binder:559_7" name="event_count" dev="sysfs" ino=39088 scontext=u:r:system_suspend:s0 tcontext=u:object_r:sysfs:s0 tclass=file permissive=0
05-21 22:57:37.636   559   559 I auditd  : type=1400 audit(0.0:1323): avc:  denied  { read } for  comm="binder:559_7" name="expire_count" dev="sysfs" ino=39090 scontext=u:r:system_suspend:s0 tcontext=u:object_r:sysfs:s0 tclass=file permissive=0
05-21 22:57:37.636   559   559 I auditd  : type=1400 audit(0.0:1324): avc:  denied  { read } for  comm="binder:559_7" name="prevent_suspend_time_ms" dev="sysfs" ino=39095 scontext=u:r:system_suspend:s0 tcontext=u:object_r:sysfs:s0 tclass=file permissive=0
05-21 22:57:38.652   814   814 I auditd  : type=1400 audit(0.0:1480): avc:  denied  { open } for  comm="android.hardwar" path="/sys/devices/platform/soc/11017000.i2c/i2c-5/5-006a/power_supply/5-006a/type" dev="sysfs" ino=61137 scontext=u:r:hal_health_default:s0 tcontext=u:object_r:sysfs:s0 tclass=file permissive=0
05-21 22:57:44.976  4719  4719 I auditd  : type=1400 audit(0.0:1481): avc:  denied  { read } for  comm="commands.monkey" name="u:object_r:qemu_sf_lcd_density_prop:s0" dev="tmpfs" ino=341 scontext=u:r:shell:s0 tcontext=u:object_r:qemu_sf_lcd_density_prop:s0 tclass=file permissive=0
05-21 22:57:44.976  4719  4719 W commands.monkey: type=1400 audit(0.0:1481): avc:  denied  { read } for  name="u:object_r:qemu_sf_lcd_density_prop:s0" dev="tmpfs" ino=341 scontext=u:r:shell:s0 tcontext=u:object_r:qemu_sf_lcd_density_prop:s0 tclass=file permissive=0
05-21 22:57:44.976  4719  4719 I auditd  : type=1400 audit(0.0:1482): avc:  denied  { read } for  comm="commands.monkey" name="u:object_r:qemu_sf_lcd_density_prop:s0" dev="tmpfs" ino=341 scontext=u:r:shell:s0 tcontext=u:object_r:qemu_sf_lcd_density_prop:s0 tclass=file permissive=0
05-21 22:57:44.976  4719  4719 W commands.monkey: type=1400 audit(0.0:1482): avc:  denied  { read } for  name="u:object_r:qemu_sf_lcd_density_prop:s0" dev="tmpfs" ino=341 scontext=u:r:shell:s0 tcontext=u:object_r:qemu_sf_lcd_density_prop:s0 tclass=file permissive=0
05-21 22:57:46.298  4764  4764 D nativeloader: InitLlndkLibrariesProduct: libEGL.so:libGLESv1_CM.so:libGLESv2.so:libGLESv3.so:libRS.so:libandroid_net.so:libapexsupport.so:libavf.so:libbinder_ndk.so:libc.so:libcgrouprc.so:libclang_rt.asan-aarch64-android.so:libclang_rt.asan-arm-android.so:libclang_rt.hwasan-aarch64-android.so:libcom.android.tethering.connectivity_native.so:libdl.so:libft2.so:liblog.so:libm.so:libmediandk.so:libnativewindow.so:libneuralnetworks.so:libselinux.so:libsync.so:libvendorsupport.so:libvndksupport.so:libvulkan.so
05-21 22:57:47.627   349   349 I auditd  : avc:  denied  { find } for pid=4816 uid=99001 name=content_capture scontext=u:r:isolated_app:s0:c512,c768 tcontext=u:object_r:content_capture_service:s0 tclass=service_manager permissive=0
05-21 22:57:55.384  4719  4719 I auditd  : type=1400 audit(0.0:1483): avc:  denied  { write } for  comm="commands.monkey" name="event0" dev="tmpfs" ino=796 scontext=u:r:shell:s0 tcontext=u:object_r:input_device:s0 tclass=chr_file permissive=0
05-21 22:57:55.384  4719  4719 W commands.monkey: type=1400 audit(0.0:1483): avc:  denied  { write } for  name="event0" dev="tmpfs" ino=796 scontext=u:r:shell:s0 tcontext=u:object_r:input_device:s0 tclass=chr_file permissive=0
05-21 22:57:55.796  4719  4719 I auditd  : type=1400 audit(0.0:1484): avc:  denied  { write } for  comm="commands.monkey" name="event0" dev="tmpfs" ino=796 scontext=u:r:shell:s0 tcontext=u:object_r:input_device:s0 tclass=chr_file permissive=0
05-21 22:57:55.796  4719  4719 W commands.monkey: type=1400 audit(0.0:1484): avc:  denied  { write } for  name="event0" dev="tmpfs" ino=796 scontext=u:r:shell:s0 tcontext=u:object_r:input_device:s0 tclass=chr_file permissive=0
05-21 22:57:58.916   559   559 I auditd  : type=1400 audit(0.0:1485): avc:  denied  { read } for  comm="binder:559_3" name="name" dev="sysfs" ino=39086 scontext=u:r:system_suspend:s0 tcontext=u:object_r:sysfs:s0 tclass=file permissive=0
05-21 22:57:58.916   559   559 W binder:559_3: type=1400 audit(0.0:1485): avc:  denied  { read } for  name="name" dev="sysfs" ino=39086 scontext=u:r:system_suspend:s0 tcontext=u:object_r:sysfs:s0 tclass=file permissive=0
05-21 22:57:58.916   559   559 I auditd  : type=1400 audit(0.0:1486): avc:  denied  { read } for  comm="binder:559_3" name="active_count" dev="sysfs" ino=39087 scontext=u:r:system_suspend:s0 tcontext=u:object_r:sysfs:s0 tclass=file permissive=0
05-21 22:57:58.916   559   559 W binder:559_3: type=1400 audit(0.0:1486): avc:  denied  { read } for  name="active_count" dev="sysfs" ino=39087 scontext=u:r:system_suspend:s0 tcontext=u:object_r:sysfs:s0 tclass=file permissive=0
05-21 22:57:58.916   559   559 I auditd  : type=1400 audit(0.0:1487): avc:  denied  { read } for  comm="binder:559_3" name="last_change_ms" dev="sysfs" ino=39094 scontext=u:r:system_suspend:s0 tcontext=u:object_r:sysfs:s0 tclass=file permissive=0
05-21 22:57:58.916   559   559 W binder:559_3: type=1400 audit(0.0:1487): avc:  denied  { read } for  name="last_change_ms" dev="sysfs" ino=39094 scontext=u:r:system_suspend:s0 tcontext=u:object_r:sysfs:s0 tclass=file permissive=0
05-21 22:57:58.916   559   559 I auditd  : type=1400 audit(0.0:1488): avc:  denied  { read } for  comm="binder:559_3" name="max_time_ms" dev="sysfs" ino=39093 scontext=u:r:system_suspend:s0 tcontext=u:object_r:sysfs:s0 tclass=file permissive=0
05-21 22:57:58.916   559   559 W binder:559_3: type=1400 audit(0.0:1488): avc:  denied  { read } for  name="max_time_ms" dev="sysfs" ino=39093 scontext=u:r:system_suspend:s0 tcontext=u:object_r:sysfs:s0 tclass=file permissive=0
05-21 22:57:58.916   559   559 I auditd  : type=1400 audit(0.0:1489): avc:  denied  { read } for  comm="binder:559_3" name="total_time_ms" dev="sysfs" ino=39092 scontext=u:r:system_suspend:s0 tcontext=u:object_r:sysfs:s0 tclass=file permissive=0
05-21 22:57:58.916   559   559 W binder:559_3: type=1400 audit(0.0:1489): avc:  denied  { read } for  name="total_time_ms" dev="sysfs" ino=39092 scontext=u:r:system_suspend:s0 tcontext=u:object_r:sysfs:s0 tclass=file permissive=0
